timestamp,cpu_percent,memory_available_gb,disk_usage_percent,net_bytes_sent,net_bytes_recv,proc_asm_cpu,proc_correlation_cpu,proc_db_cpu
2026-03-01 00:00:00,42.9%,11.65 GB,60.0%,353669,742781,8.7%,11.3%,3.6%
2026-03-01 01:00:00,23.3%,8.03 GB,60.0%,201066,620957,7.4%,8.7%,6.4%
2026-03-01 02:00:00,32.1%,10.06 GB,60.0%,150593,469761,9.0%,12.5%,5.9%
2026-03-01 03:00:00,44.8%,11.48 GB,60.0%,248011,513974,5.0%,14.1%,3.1%
2026-03-01 04:00:00,44.6%,11.87 GB,60.0%,300729,383389,6.1%,12.3%,4.5%
2026-03-01 05:00:00,35.2%,10.37 GB,60.0%,395574,531202,11.8%,9.5%,6.5%
2026-03-01 06:00:00,41.8%,9.4 GB,60.0%,198902,539609,6.7%,10.9%,3.1%
2026-03-01 07:00:00,35.7%,8.68 GB,60.0%,441030,585003,7.6%,9.7%,6.8%
2026-03-01 08:00:00,21.1%,8.8 GB,60.0%,275770,480229,6.9%,9.9%,6.8%
2026-03-01 09:00:00,43.4%,10.85 GB,60.0%,482940,728328,11.9%,8.1%,4.1%
2026-03-01 10:00:00,42.6%,8.42 GB,60.0%,322437,302373,8.3%,13.1%,4.4%
2026-03-01 11:00:00,24.8%,11.35 GB,60.1%,451215,200958,10.0%,15.0%,6.0%
2026-03-01 12:00:00,43.9%,10.99 GB,60.1%,136418,795465,10.7%,9.3%,3.5%
2026-03-01 13:00:00,42.1%,11.52 GB,60.1%,459736,720479,11.4%,9.6%,4.9%
2026-03-01 14:00:00,39.4%,10.85 GB,60.1%,345898,226174,5.5%,8.5%,3.4%
2026-03-01 15:00:00,38.7%,11.95 GB,60.1%,286126,511598,6.8%,8.1%,4.0%
2026-03-01 16:00:00,24.8%,8.63 GB,60.1%,493007,619142,5.9%,9.3%,4.3%
2026-03-01 17:00:00,41.0%,10.49 GB,60.1%,167458,533926,7.4%,12.1%,6.6%
2026-03-01 18:00:00,15.7%,11.08 GB,60.1%,253732,685397,6.4%,10.8%,4.7%
2026-03-01 19:00:00,23.9%,8.34 GB,60.1%,380469,566768,6.1%,10.4%,4.0%
2026-03-01 20:00:00,37.9%,8.6 GB,60.1%,307429,665015,6.9%,14.4%,6.1%
2026-03-01 21:00:00,44.8%,11.56 GB,60.1%,416053,599594,6.2%,9.6%,5.3%
2026-03-01 22:00:00,34.2%,8.78 GB,60.1%,299167,604898,5.7%,11.1%,3.5%
2026-03-01 23:00:00,30.9%,8.17 GB,60.1%,136895,723091,6.0%,13.6%,5.2%
2026-03-02 00:00:00,19.6%,11.53 GB,60.1%,102057,698645,8.2%,14.5%,3.4%
2026-03-02 01:00:00,30.8%,9.3 GB,60.1%,260524,486307,7.4%,8.1%,5.3%
2026-03-02 02:00:00,44.1%,11.77 GB,60.1%,448408,277141,8.2%,11.7%,3.0%
2026-03-02 03:00:00,34.1%,11.68 GB,60.1%,361321,203694,10.8%,8.9%,3.3%
2026-03-02 04:00:00,24.6%,8.66 GB,60.1%,465523,279402,9.8%,8.9%,6.0%
2026-03-02 05:00:00,21.6%,10.65 GB,60.1%,405346,605540,8.9%,13.2%,4.4%
2026-03-02 06:00:00,43.9%,10.76 GB,60.1%,437742,334266,7.8%,9.8%,3.6%
2026-03-02 07:00:00,41.9%,11.85 GB,60.2%,312253,539509,6.5%,11.3%,6.9%
2026-03-02 08:00:00,19.3%,8.05 GB,60.2%,419789,429762,10.9%,9.8%,5.4%
2026-03-02 09:00:00,21.2%,11.46 GB,60.2%,396921,433581,9.7%,10.6%,3.6%
2026-03-02 10:00:00,44.9%,10.44 GB,60.2%,243143,733577,7.4%,12.5%,3.3%
2026-03-02 11:00:00,15.6%,9.71 GB,60.2%,138811,580539,10.3%,9.4%,6.9%
2026-03-02 12:00:00,15.2%,11.02 GB,60.2%,366265,472846,11.6%,11.7%,3.5%
2026-03-02 13:00:00,41.2%,11.99 GB,60.2%,260840,604382,6.4%,11.5%,6.6%
2026-03-02 14:00:00,30.5%,10.57 GB,60.2%,236683,543413,7.6%,13.9%,3.5%
2026-03-02 15:00:00,30.4%,8.35 GB,60.2%,389072,691031,10.2%,14.6%,6.5%
2026-03-02 16:00:00,26.8%,8.23 GB,60.2%,493572,619207,5.8%,10.3%,4.8%
2026-03-02 17:00:00,26.9%,10.83 GB,60.2%,109241,721964,5.4%,8.2%,6.2%
2026-03-02 18:00:00,19.4%,9.32 GB,60.2%,112986,722329,8.5%,14.9%,6.0%
2026-03-02 19:00:00,20.3%,8.42 GB,60.2%,121418,594647,6.9%,13.0%,4.2%
2026-03-02 20:00:00,31.2%,9.13 GB,60.2%,187256,263388,5.2%,12.0%,6.5%
2026-03-02 21:00:00,23.1%,9.08 GB,60.2%,203844,738215,9.7%,11.2%,6.3%
2026-03-02 22:00:00,38.8%,11.39 GB,60.2%,362842,355450,5.8%,12.5%,4.2%
2026-03-02 23:00:00,39.4%,10.01 GB,60.2%,476046,429479,8.6%,10.9%,6.0%
2026-03-03 00:00:00,38.8%,10.66 GB,60.2%,209101,600304,10.6%,10.8%,5.7%
2026-03-03 01:00:00,44.8%,11.15 GB,60.2%,327422,325556,6.6%,10.1%,4.4%
2026-03-03 02:00:00,19.8%,8.28 GB,60.2%,133119,795463,5.8%,8.7%,3.8%
2026-03-03 03:00:00,42.0%,9.18 GB,60.3%,357308,504321,7.5%,14.2%,3.9%
2026-03-03 04:00:00,33.8%,8.6 GB,60.3%,368941,487195,9.7%,10.5%,6.5%
2026-03-03 05:00:00,36.6%,9.83 GB,60.3%,351293,219316,11.4%,12.4%,5.1%
2026-03-03 06:00:00,17.8%,11.81 GB,60.3%,328097,435584,9.2%,9.8%,3.8%
2026-03-03 07:00:00,34.1%,8.86 GB,60.3%,402022,233231,10.2%,14.9%,5.2%
2026-03-03 08:00:00,26.8%,11.83 GB,60.3%,234203,202310,11.7%,10.1%,3.4%
2026-03-03 09:00:00,44.1%,8.31 GB,60.3%,380353,329151,7.0%,11.4%,6.5%
2026-03-03 10:00:00,22.8%,8.13 GB,60.3%,105498,538132,10.1%,12.3%,4.1%
2026-03-03 11:00:00,24.2%,8.71 GB,60.3%,143502,610940,9.2%,10.3%,5.3%
2026-03-03 12:00:00,30.9%,11.43 GB,60.3%,406237,381486,10.0%,9.3%,4.2%
2026-03-03 13:00:00,33.8%,9.81 GB,60.3%,457243,341690,6.1%,13.2%,3.3%
2026-03-03 14:00:00,17.0%,11.17 GB,60.3%,356507,428794,9.1%,14.7%,5.2%
2026-03-03 15:00:00,26.8%,8.51 GB,60.3%,133527,708208,7.4%,13.8%,4.4%
2026-03-03 16:00:00,28.3%,8.79 GB,60.3%,145215,765171,10.5%,8.9%,5.0%
2026-03-03 17:00:00,42.9%,8.76 GB,60.3%,455795,388920,9.5%,14.7%,5.6%
2026-03-03 18:00:00,39.0%,11.17 GB,60.3%,111391,547626,9.3%,14.8%,3.7%
2026-03-03 19:00:00,42.0%,8.77 GB,60.3%,261210,289199,11.8%,13.4%,6.0%
2026-03-03 20:00:00,37.9%,9.45 GB,60.3%,303425,290221,7.1%,10.7%,5.3%
2026-03-03 21:00:00,25.5%,11.61 GB,60.3%,130418,684400,10.3%,11.4%,3.7%
2026-03-03 22:00:00,38.7%,9.06 GB,60.4%,201514,673776,5.1%,13.9%,6.4%
2026-03-03 23:00:00,35.5%,8.51 GB,60.4%,183791,369141,11.8%,13.9%,4.9%
2026-03-04 00:00:00,30.6%,10.14 GB,60.4%,397738,705953,9.9%,13.8%,3.6%
2026-03-04 01:00:00,28.5%,9.64 GB,60.4%,316742,460991,11.4%,11.5%,3.2%
2026-03-04 02:00:00,17.1%,9.66 GB,60.4%,474914,271044,10.8%,12.8%,3.9%
2026-03-04 03:00:00,29.9%,10.12 GB,60.4%,104662,496473,5.5%,8.0%,4.3%
2026-03-04 04:00:00,26.2%,9.15 GB,60.4%,344891,560693,6.2%,10.6%,4.3%
2026-03-04 05:00:00,18.6%,9.56 GB,60.4%,335430,389750,5.3%,9.3%,6.4%
2026-03-04 06:00:00,20.6%,10.21 GB,60.4%,302457,532999,10.1%,10.8%,6.8%
2026-03-04 07:00:00,37.5%,8.71 GB,60.4%,484265,766598,6.0%,10.3%,6.7%
2026-03-04 08:00:00,31.1%,8.97 GB,60.4%,304080,682826,9.7%,13.5%,3.8%
2026-03-04 09:00:00,38.2%,10.67 GB,60.4%,309697,317552,8.0%,13.8%,4.0%
2026-03-04 10:00:00,43.8%,10.03 GB,60.4%,365879,786392,5.4%,14.6%,3.1%
2026-03-04 11:00:00,44.5%,11.33 GB,60.4%,246667,704723,11.9%,11.7%,3.1%
2026-03-04 12:00:00,42.9%,8.89 GB,60.4%,207916,780140,5.9%,8.7%,5.1%
2026-03-04 13:00:00,32.8%,10.25 GB,60.4%,241430,653907,11.6%,8.9%,6.5%
2026-03-04 14:00:00,19.1%,11.56 GB,60.4%,316683,443290,11.8%,14.8%,3.7%
2026-03-04 15:00:00,44.1%,9.3 GB,60.4%,187761,377687,6.7%,10.9%,4.4%
2026-03-04 16:00:00,25.2%,11.75 GB,60.4%,202644,339065,10.4%,10.9%,4.1%
2026-03-04 17:00:00,30.1%,8.39 GB,60.4%,449537,451406,9.0%,14.9%,4.8%
2026-03-04 18:00:00,43.1%,10.45 GB,60.5%,396294,281790,11.6%,13.9%,6.2%
2026-03-04 19:00:00,28.0%,8.16 GB,60.5%,277130,502779,11.7%,13.8%,4.3%
2026-03-04 20:00:00,44.1%,11.66 GB,60.5%,230922,422648,5.5%,13.5%,4.5%
2026-03-04 21:00:00,33.6%,11.73 GB,60.5%,298874,725759,7.2%,8.4%,5.6%
2026-03-04 22:00:00,35.2%,8.88 GB,60.5%,211373,544892,7.8%,14.9%,6.8%
2026-03-04 23:00:00,25.0%,9.88 GB,60.5%,170249,509491,9.5%,12.8%,5.5%
2026-03-05 00:00:00,37.8%,10.95 GB,60.5%,183241,391130,9.2%,8.7%,5.6%
2026-03-05 01:00:00,24.7%,10.68 GB,60.5%,491949,256488,10.3%,12.4%,5.9%
2026-03-05 02:00:00,40.9%,8.43 GB,60.5%,254849,667048,11.4%,9.3%,5.4%
2026-03-05 03:00:00,22.5%,11.12 GB,60.5%,219124,700492,8.8%,11.4%,6.7%
2026-03-05 04:00:00,39.8%,10.12 GB,60.5%,324673,241204,10.9%,13.1%,3.9%
2026-03-05 05:00:00,16.7%,11.34 GB,60.5%,359861,586536,6.6%,14.2%,3.1%
2026-03-05 06:00:00,20.5%,8.88 GB,60.5%,284068,469518,10.0%,11.2%,6.7%
2026-03-05 07:00:00,28.6%,10.01 GB,60.5%,148504,634903,10.7%,10.6%,6.3%
2026-03-05 08:00:00,16.0%,9.26 GB,60.5%,365444,506969,7.9%,11.9%,6.2%
2026-03-05 09:00:00,20.6%,8.2 GB,60.5%,484159,755648,9.0%,9.1%,5.1%
2026-03-05 10:00:00,32.4%,8.95 GB,60.5%,149695,550783,9.2%,12.7%,6.8%
2026-03-05 11:00:00,31.9%,11.56 GB,60.5%,114878,639385,8.4%,12.7%,5.0%
2026-03-05 12:00:00,17.8%,8.12 GB,60.5%,466220,584066,6.9%,11.9%,3.7%
2026-03-05 13:00:00,32.0%,9.88 GB,60.5%,347541,460754,8.7%,10.5%,4.4%
2026-03-05 14:00:00,26.5%,11.25 GB,60.5%,308465,605893,7.8%,10.2%,6.9%
2026-03-05 15:00:00,36.0%,8.35 GB,60.6%,265906,391896,6.1%,14.6%,6.1%
2026-03-05 16:00:00,42.5%,9.88 GB,60.6%,411987,639576,5.7%,8.3%,3.2%
2026-03-05 17:00:00,42.6%,9.02 GB,60.6%,204986,503419,5.4%,13.8%,5.1%
2026-03-05 18:00:00,34.8%,8.98 GB,60.6%,204559,459171,7.6%,14.9%,6.1%
2026-03-05 19:00:00,25.2%,11.18 GB,60.6%,166743,274913,5.7%,13.3%,5.7%
2026-03-05 20:00:00,19.1%,9.35 GB,60.6%,499533,656734,11.5%,13.9%,4.3%
2026-03-05 21:00:00,27.8%,10.06 GB,60.6%,466843,255024,11.4%,12.6%,4.4%
2026-03-05 22:00:00,32.4%,11.67 GB,60.6%,136330,448686,6.1%,9.5%,6.1%
2026-03-05 23:00:00,35.3%,11.12 GB,60.6%,150215,445644,5.3%,8.2%,5.8%
2026-03-06 00:00:00,40.4%,8.26 GB,60.6%,342420,208098,7.5%,14.4%,3.5%
2026-03-06 01:00:00,30.7%,9.79 GB,60.6%,214279,527050,11.0%,10.6%,6.4%
2026-03-06 02:00:00,35.2%,11.98 GB,60.6%,123733,341947,7.7%,8.6%,4.9%
2026-03-06 03:00:00,41.3%,8.73 GB,60.6%,359328,795124,10.2%,8.2%,4.4%
2026-03-06 04:00:00,28.3%,11.4 GB,60.6%,372531,611945,6.0%,12.2%,4.8%
2026-03-06 05:00:00,39.3%,8.04 GB,60.6%,353393,596340,11.2%,10.2%,4.3%
2026-03-06 06:00:00,31.7%,11.93 GB,60.6%,387273,235018,7.0%,13.3%,4.7%
2026-03-06 07:00:00,40.5%,10.63 GB,60.6%,458197,433449,9.8%,12.0%,4.8%
2026-03-06 08:00:00,41.3%,10.94 GB,60.6%,160359,760089,6.5%,15.0%,5.3%
2026-03-06 09:00:00,40.7%,10.82 GB,60.6%,205760,329564,7.8%,8.6%,3.9%
2026-03-06 10:00:00,15.8%,9.13 GB,60.6%,381695,468312,11.7%,14.1%,3.6%
2026-03-06 11:00:00,16.5%,10.94 GB,60.7%,106682,420350,5.4%,9.7%,3.7%
2026-03-06 12:00:00,29.2%,10.05 GB,60.7%,275051,435107,5.8%,14.5%,5.3%
2026-03-06 13:00:00,36.9%,9.67 GB,60.7%,379048,306981,8.4%,11.9%,6.2%
2026-03-06 14:00:00,40.3%,9.93 GB,60.7%,233070,404342,9.5%,8.7%,3.9%
2026-03-06 15:00:00,44.1%,9.14 GB,60.7%,141796,735576,6.5%,10.4%,4.2%
2026-03-06 16:00:00,29.2%,11.88 GB,60.7%,293515,709674,6.7%,8.3%,4.5%
2026-03-06 17:00:00,42.1%,9.7 GB,60.7%,332754,382774,11.3%,13.9%,4.0%
2026-03-06 18:00:00,39.0%,11.9 GB,60.7%,220187,398537,11.7%,10.4%,6.1%
2026-03-06 19:00:00,39.4%,9.92 GB,60.7%,147555,420415,5.5%,10.4%,4.7%
2026-03-06 20:00:00,16.0%,10.59 GB,60.7%,470127,321727,7.4%,8.4%,5.5%
2026-03-06 21:00:00,34.0%,10.45 GB,60.7%,206034,681190,5.9%,13.6%,5.5%
2026-03-06 22:00:00,19.1%,11.26 GB,60.7%,352550,777820,9.5%,12.0%,6.4%
2026-03-06 23:00:00,15.4%,10.04 GB,60.7%,210849,280426,7.2%,14.5%,6.9%
2026-03-07 00:00:00,27.0%,9.33 GB,60.7%,130618,508636,8.1%,12.1%,4.9%
2026-03-07 01:00:00,34.0%,8.69 GB,60.7%,307440,260210,8.6%,12.6%,4.9%
2026-03-07 02:00:00,32.9%,11.71 GB,60.7%,145643,435251,8.7%,9.7%,6.4%
2026-03-07 03:00:00,38.0%,8.73 GB,60.7%,458156,580361,10.0%,14.4%,4.1%
2026-03-07 04:00:00,17.0%,11.04 GB,60.7%,435781,255006,9.8%,11.9%,6.2%
2026-03-07 05:00:00,18.9%,11.78 GB,60.7%,226084,571823,8.7%,10.3%,4.2%
2026-03-07 06:00:00,34.2%,11.04 GB,60.8%,303081,513073,10.4%,12.7%,5.8%
2026-03-07 07:00:00,40.3%,8.67 GB,60.8%,107801,556077,11.6%,9.7%,3.8%
2026-03-07 08:00:00,26.7%,10.76 GB,60.8%,360730,663983,10.6%,13.1%,6.3%
2026-03-07 09:00:00,25.9%,11.6 GB,60.8%,438820,528512,9.8%,11.7%,5.4%
2026-03-07 10:00:00,16.8%,9.16 GB,60.8%,230733,424657,10.8%,14.4%,5.1%
2026-03-07 11:00:00,35.2%,9.79 GB,60.8%,459594,591613,5.2%,12.4%,4.3%
2026-03-07 12:00:00,21.6%,9.82 GB,60.8%,156908,563939,6.3%,12.9%,7.0%
2026-03-07 13:00:00,30.2%,8.15 GB,60.8%,459749,265801,9.9%,13.8%,5.1%
2026-03-07 14:00:00,39.8%,11.68 GB,60.8%,498118,599930,9.9%,9.2%,3.1%
2026-03-07 15:00:00,19.3%,11.55 GB,60.8%,427194,437781,6.0%,13.1%,6.1%
2026-03-07 16:00:00,27.3%,8.0 GB,60.8%,350369,672131,10.0%,12.2%,4.6%
2026-03-07 17:00:00,32.7%,8.92 GB,60.8%,250299,241272,9.1%,12.5%,4.6%
2026-03-07 18:00:00,18.2%,10.32 GB,60.8%,399350,284374,11.4%,13.6%,6.3%
2026-03-07 19:00:00,21.2%,9.09 GB,60.8%,238460,670116,6.7%,14.4%,6.8%
2026-03-07 20:00:00,16.5%,10.23 GB,60.8%,282848,747570,8.5%,11.0%,5.6%
2026-03-07 21:00:00,15.6%,9.36 GB,60.8%,410915,484196,7.9%,10.0%,4.5%
2026-03-07 22:00:00,30.9%,11.51 GB,60.8%,249473,204536,11.4%,13.6%,5.1%
2026-03-07 23:00:00,26.1%,10.96 GB,60.8%,215128,245652,10.3%,8.9%,4.0%
2026-03-08 00:00:00,18.1%,11.88 GB,60.8%,330109,405468,8.6%,9.3%,6.7%
2026-03-08 01:00:00,44.6%,11.29 GB,60.8%,110170,226904,9.8%,11.2%,6.6%
2026-03-08 02:00:00,44.7%,8.62 GB,60.9%,400117,467311,9.3%,10.6%,3.2%
2026-03-08 03:00:00,38.8%,11.95 GB,60.9%,134282,739452,8.3%,12.0%,4.9%
2026-03-08 04:00:00,21.6%,9.58 GB,60.9%,416176,693604,5.9%,10.4%,4.7%
2026-03-08 05:00:00,38.7%,10.17 GB,60.9%,403361,784688,9.1%,13.1%,6.9%
2026-03-08 06:00:00,15.4%,11.06 GB,60.9%,205110,538421,5.6%,8.9%,6.6%
2026-03-08 07:00:00,30.2%,11.18 GB,60.9%,408893,419853,9.3%,13.1%,6.5%
2026-03-08 08:00:00,19.3%,11.15 GB,60.9%,277164,743885,6.8%,12.0%,3.0%
2026-03-08 09:00:00,29.8%,8.48 GB,60.9%,481066,472604,9.5%,9.6%,5.9%
2026-03-08 10:00:00,31.3%,9.32 GB,60.9%,378997,433525,9.6%,10.9%,4.6%
2026-03-08 11:00:00,44.4%,8.73 GB,60.9%,147235,450457,11.6%,13.5%,5.6%
2026-03-08 12:00:00,33.3%,8.38 GB,60.9%,404720,758711,9.6%,9.1%,3.1%
2026-03-08 13:00:00,33.0%,9.86 GB,60.9%,479915,509134,7.3%,13.0%,4.9%
2026-03-08 14:00:00,36.6%,9.52 GB,60.9%,413048,224872,10.6%,13.4%,4.6%
2026-03-08 15:00:00,26.3%,11.92 GB,60.9%,381366,389254,8.0%,13.7%,4.1%
2026-03-08 16:00:00,18.4%,10.33 GB,60.9%,388665,368712,5.4%,9.2%,5.8%
2026-03-08 17:00:00,34.8%,8.05 GB,60.9%,242999,228347,6.0%,9.6%,6.0%
2026-03-08 18:00:00,21.5%,11.46 GB,60.9%,492146,536082,6.1%,11.0%,3.5%
2026-03-08 19:00:00,40.1%,10.04 GB,60.9%,226035,540984,5.4%,10.9%,4.0%
2026-03-08 20:00:00,30.5%,9.94 GB,60.9%,314173,336827,7.2%,8.7%,4.8%
2026-03-08 21:00:00,24.6%,8.54 GB,60.9%,342609,285584,7.0%,12.6%,5.3%
2026-03-08 22:00:00,15.1%,11.36 GB,61.0%,215582,296257,11.7%,11.9%,3.7%
2026-03-08 23:00:00,20.7%,9.06 GB,61.0%,227683,378672,7.7%,12.2%,6.2%
2026-03-09 00:00:00,32.2%,10.51 GB,61.0%,360539,682315,7.6%,12.8%,3.0%
2026-03-09 01:00:00,34.6%,8.05 GB,61.0%,249179,710661,10.4%,8.0%,4.1%
2026-03-09 02:00:00,30.7%,11.59 GB,61.0%,384006,485699,7.9%,12.2%,3.2%
2026-03-09 03:00:00,17.0%,10.04 GB,61.0%,244377,366885,8.3%,11.0%,4.4%
2026-03-09 04:00:00,38.4%,9.96 GB,61.0%,485823,314129,11.6%,13.0%,6.2%
2026-03-09 05:00:00,38.6%,8.01 GB,61.0%,391502,326533,11.5%,10.0%,5.0%
2026-03-09 06:00:00,37.3%,9.62 GB,61.0%,349908,564582,11.4%,11.8%,5.2%
2026-03-09 07:00:00,39.7%,9.5 GB,61.0%,126003,748296,11.6%,11.0%,6.5%
2026-03-09 08:00:00,32.1%,8.18 GB,61.0%,274212,487609,7.2%,10.9%,5.8%
2026-03-09 09:00:00,38.3%,9.99 GB,61.0%,239965,515464,9.5%,14.0%,5.6%
2026-03-09 10:00:00,37.8%,11.97 GB,61.0%,125943,419244,10.5%,9.1%,3.7%
2026-03-09 11:00:00,23.6%,8.31 GB,61.0%,449092,714666,8.1%,9.4%,4.7%
2026-03-09 12:00:00,30.1%,9.16 GB,61.0%,252669,644822,10.6%,11.8%,3.9%
2026-03-09 13:00:00,29.0%,8.41 GB,61.0%,213683,313218,5.8%,10.5%,4.9%
2026-03-09 14:00:00,17.1%,11.37 GB,61.0%,121480,739306,11.8%,11.2%,3.9%
2026-03-09 15:00:00,23.0%,9.94 GB,61.0%,397109,678814,11.2%,14.7%,5.4%
2026-03-09 16:00:00,31.6%,8.14 GB,61.0%,217712,418824,10.0%,11.5%,5.4%
2026-03-09 17:00:00,20.4%,10.81 GB,61.0%,262908,660001,12.0%,10.3%,4.2%
2026-03-09 18:00:00,42.7%,9.44 GB,61.0%,259613,436678,10.5%,9.5%,6.0%
2026-03-09 19:00:00,30.7%,10.33 GB,61.1%,342675,504578,8.2%,10.3%,6.6%
2026-03-09 20:00:00,34.7%,10.18 GB,61.1%,239840,606105,10.6%,9.8%,4.8%
2026-03-09 21:00:00,41.9%,10.59 GB,61.1%,317661,641327,5.2%,11.2%,5.9%
2026-03-09 22:00:00,22.9%,11.94 GB,61.1%,414090,627437,7.1%,12.0%,6.7%
2026-03-09 23:00:00,41.2%,8.3 GB,61.1%,375779,610226,9.0%,9.8%,5.9%
2026-03-10 00:00:00,36.2%,9.65 GB,61.1%,385399,496952,5.3%,8.3%,6.8%
2026-03-10 01:00:00,17.0%,9.47 GB,61.1%,421374,231344,11.8%,14.8%,4.7%
2026-03-10 02:00:00,32.7%,10.41 GB,61.1%,127176,766599,6.9%,13.1%,5.7%
2026-03-10 03:00:00,25.7%,9.03 GB,61.1%,442834,204563,11.8%,8.1%,5.3%
2026-03-10 04:00:00,35.1%,8.2 GB,61.1%,313396,318690,7.9%,11.3%,6.3%
2026-03-10 05:00:00,17.8%,9.45 GB,61.1%,307940,755636,6.6%,15.0%,5.8%
2026-03-10 06:00:00,34.8%,9.17 GB,61.1%,474482,332225,8.7%,8.9%,3.4%
2026-03-10 07:00:00,24.4%,8.11 GB,61.1%,288914,480169,11.4%,14.4%,6.3%
2026-03-10 08:00:00,16.3%,9.47 GB,61.1%,338368,700053,7.7%,11.6%,3.7%
2026-03-10 09:00:00,33.1%,10.25 GB,61.1%,163246,248364,10.9%,14.2%,5.5%
2026-03-10 10:00:00,27.0%,8.68 GB,61.1%,182435,764881,8.7%,13.1%,6.1%
2026-03-10 11:00:00,25.9%,9.97 GB,61.1%,214900,349146,6.6%,9.4%,6.1%
2026-03-10 12:00:00,18.6%,9.54 GB,61.1%,458491,556759,9.7%,13.0%,6.9%
2026-03-10 13:00:00,38.5%,8.38 GB,61.1%,264872,471364,8.3%,14.9%,5.6%
2026-03-10 14:00:00,40.0%,8.76 GB,61.1%,422799,299857,7.2%,12.8%,6.3%
2026-03-10 15:00:00,25.8%,11.72 GB,61.2%,472137,522782,7.0%,14.9%,4.4%
2026-03-10 16:00:00,43.3%,8.46 GB,61.2%,184760,514640,10.8%,14.6%,4.8%
2026-03-10 17:00:00,25.2%,8.16 GB,61.2%,113376,317942,8.7%,8.6%,4.0%
2026-03-10 18:00:00,38.1%,9.15 GB,61.2%,493205,500430,9.9%,13.8%,3.8%
2026-03-10 19:00:00,26.7%,9.16 GB,61.2%,197172,542796,10.5%,12.3%,7.0%
2026-03-10 20:00:00,15.8%,8.99 GB,61.2%,269226,689571,8.0%,8.6%,4.3%
2026-03-10 21:00:00,16.6%,8.86 GB,61.2%,145151,742613,8.7%,12.9%,3.1%
2026-03-10 22:00:00,20.1%,9.98 GB,61.2%,235564,688231,10.7%,11.4%,3.5%
2026-03-10 23:00:00,32.9%,10.71 GB,61.2%,499550,783112,6.7%,9.5%,4.0%
2026-03-11 00:00:00,36.7%,11.9 GB,61.2%,449587,363795,6.6%,13.0%,4.5%
2026-03-11 01:00:00,29.9%,11.05 GB,61.2%,458427,328032,7.5%,9.5%,4.1%
2026-03-11 02:00:00,26.1%,10.6 GB,61.2%,361549,695115,10.8%,9.4%,4.8%
2026-03-11 03:00:00,34.2%,8.45 GB,61.2%,348865,603094,11.1%,11.1%,6.5%
2026-03-11 04:00:00,38.5%,9.67 GB,61.2%,207509,604473,6.0%,11.6%,3.5%
2026-03-11 05:00:00,20.4%,10.99 GB,61.2%,398219,564293,10.2%,9.9%,5.4%
2026-03-11 06:00:00,43.3%,10.86 GB,61.2%,172492,674119,6.5%,10.5%,3.5%
2026-03-11 07:00:00,20.8%,11.31 GB,61.2%,207128,463068,5.7%,14.2%,4.9%
2026-03-11 08:00:00,16.6%,11.44 GB,61.2%,360594,467688,7.8%,12.5%,6.1%
2026-03-11 09:00:00,22.6%,9.08 GB,61.2%,212418,782385,7.7%,10.6%,3.9%
2026-03-11 10:00:00,37.8%,8.54 GB,61.2%,176324,523481,9.9%,8.3%,6.2%
2026-03-11 11:00:00,29.5%,8.4 GB,61.3%,305722,608921,8.0%,12.5%,4.8%
2026-03-11 12:00:00,26.7%,10.61 GB,61.3%,375013,382471,7.2%,13.0%,6.6%
2026-03-11 13:00:00,16.9%,8.37 GB,61.3%,206091,697276,6.6%,9.6%,6.5%
2026-03-11 14:00:00,32.8%,9.01 GB,61.3%,284258,305723,6.7%,14.7%,6.0%
2026-03-11 15:00:00,23.5%,8.05 GB,61.3%,177107,547045,11.4%,9.7%,5.5%
2026-03-11 16:00:00,20.5%,10.0 GB,61.3%,363518,501407,10.1%,12.8%,5.8%
2026-03-11 17:00:00,29.6%,8.16 GB,61.3%,248349,250491,9.0%,14.6%,5.8%
2026-03-11 18:00:00,20.0%,10.52 GB,61.3%,138238,614332,11.7%,9.7%,5.4%
2026-03-11 19:00:00,19.1%,9.29 GB,61.3%,450514,704907,7.5%,8.1%,3.4%
2026-03-11 20:00:00,18.1%,10.53 GB,61.3%,436928,707979,8.9%,8.4%,5.4%
2026-03-11 21:00:00,25.1%,8.09 GB,61.3%,382535,303894,10.1%,11.5%,5.4%
2026-03-11 22:00:00,39.4%,8.43 GB,61.3%,132261,639991,9.6%,10.9%,6.3%
2026-03-11 23:00:00,24.0%,9.64 GB,61.3%,282765,295908,7.1%,12.1%,3.2%
2026-03-12 00:00:00,17.8%,11.01 GB,61.3%,218625,644069,9.8%,13.4%,6.1%
2026-03-12 01:00:00,32.1%,9.38 GB,61.3%,262990,722559,8.8%,8.7%,5.1%
2026-03-12 02:00:00,34.3%,8.56 GB,61.3%,292252,317204,6.4%,12.5%,3.6%
2026-03-12 03:00:00,43.5%,11.94 GB,61.3%,138730,631729,9.6%,13.2%,5.1%
2026-03-12 04:00:00,23.9%,8.22 GB,61.3%,335465,776909,11.8%,10.6%,3.8%
2026-03-12 05:00:00,20.0%,8.47 GB,61.3%,273832,559154,11.0%,9.3%,4.2%
2026-03-12 06:00:00,32.8%,10.85 GB,61.4%,367579,630318,6.2%,14.5%,4.8%
2026-03-12 07:00:00,18.9%,11.43 GB,61.4%,254928,575483,9.7%,9.0%,5.4%
2026-03-12 08:00:00,21.8%,9.15 GB,61.4%,440117,581678,8.1%,10.2%,5.4%
2026-03-12 09:00:00,34.7%,8.27 GB,61.4%,285581,638261,6.0%,14.2%,5.8%
2026-03-12 10:00:00,43.5%,8.54 GB,61.4%,471699,752649,7.5%,10.5%,6.6%
2026-03-12 11:00:00,20.8%,9.74 GB,61.4%,384041,365823,8.9%,13.3%,6.5%
2026-03-12 12:00:00,43.2%,10.92 GB,61.4%,214415,377917,11.1%,9.6%,5.8%
2026-03-12 13:00:00,19.7%,9.47 GB,61.4%,141021,466926,6.9%,14.0%,5.5%
2026-03-12 14:00:00,22.7%,8.92 GB,61.4%,217980,550950,9.9%,10.6%,5.3%
2026-03-12 15:00:00,39.8%,8.71 GB,61.4%,310482,685024,9.0%,10.0%,3.3%
2026-03-12 16:00:00,44.3%,8.96 GB,61.4%,100623,426128,7.5%,11.0%,5.1%
2026-03-12 17:00:00,38.3%,9.97 GB,61.4%,430742,543314,10.2%,9.2%,3.4%
2026-03-12 18:00:00,15.7%,8.94 GB,61.4%,267304,493278,6.9%,9.6%,4.7%
2026-03-12 19:00:00,43.7%,11.87 GB,61.4%,431646,577376,6.0%,13.0%,5.3%
2026-03-12 20:00:00,34.0%,9.98 GB,61.4%,311761,646130,9.5%,12.4%,6.3%
2026-03-12 21:00:00,19.2%,10.71 GB,61.4%,382661,361440,6.5%,10.7%,3.4%
2026-03-12 22:00:00,22.2%,9.75 GB,61.4%,179200,522687,6.2%,12.5%,4.5%
2026-03-12 23:00:00,38.3%,10.26 GB,61.4%,329575,639959,10.2%,12.2%,7.0%
2026-03-13 00:00:00,40.8%,11.89 GB,61.4%,151512,349114,8.4%,13.4%,5.7%
2026-03-13 01:00:00,36.3%,9.44 GB,61.4%,230449,557625,8.8%,10.0%,6.7%
2026-03-13 02:00:00,20.3%,9.74 GB,61.5%,196791,789971,5.0%,13.2%,5.8%
2026-03-13 03:00:00,36.5%,10.84 GB,61.5%,249761,456788,6.1%,14.7%,3.2%
2026-03-13 04:00:00,37.8%,9.81 GB,61.5%,256917,337308,6.2%,8.3%,5.3%
2026-03-13 05:00:00,41.8%,8.97 GB,61.5%,167818,337046,9.6%,10.5%,6.8%
2026-03-13 06:00:00,38.5%,8.42 GB,61.5%,127728,276650,11.9%,9.5%,4.7%
2026-03-13 07:00:00,35.9%,10.16 GB,61.5%,151956,273175,10.5%,8.8%,5.0%
2026-03-13 08:00:00,27.0%,10.44 GB,61.5%,393419,720923,8.4%,14.1%,4.1%
2026-03-13 09:00:00,41.8%,11.76 GB,61.5%,106881,311737,11.8%,11.9%,4.0%
2026-03-13 10:00:00,32.1%,8.55 GB,61.5%,459749,510250,8.2%,13.2%,5.0%
2026-03-13 11:00:00,43.1%,11.2 GB,61.5%,404214,617948,8.0%,13.6%,4.0%
2026-03-13 12:00:00,26.1%,8.76 GB,61.5%,331862,276241,5.8%,13.5%,6.3%
2026-03-13 13:00:00,28.6%,10.63 GB,61.5%,252887,459740,9.1%,10.4%,3.7%
2026-03-13 14:00:00,42.5%,9.12 GB,61.5%,210623,378462,5.8%,11.8%,5.4%
2026-03-13 15:00:00,40.1%,11.69 GB,61.5%,425776,770684,12.0%,13.5%,4.9%
2026-03-13 16:00:00,24.8%,8.99 GB,61.5%,439529,717602,5.5%,8.2%,5.7%
2026-03-13 17:00:00,34.3%,9.37 GB,61.5%,116798,244733,11.8%,8.9%,5.6%
2026-03-13 18:00:00,18.7%,9.88 GB,61.5%,163413,322808,11.3%,8.8%,6.8%
2026-03-13 19:00:00,44.4%,9.43 GB,61.5%,200381,748168,10.1%,9.9%,3.7%
2026-03-13 20:00:00,40.9%,9.68 GB,61.5%,479075,485388,7.5%,9.6%,6.8%
2026-03-13 21:00:00,40.3%,8.41 GB,61.5%,234950,331697,6.0%,9.0%,3.0%
2026-03-13 22:00:00,32.3%,11.74 GB,61.5%,490430,513041,7.8%,13.1%,6.4%
2026-03-13 23:00:00,34.5%,11.08 GB,61.6%,282576,371181,7.1%,12.6%,5.9%
2026-03-14 00:00:00,24.0%,8.78 GB,61.6%,437016,413030,8.1%,11.9%,4.7%
2026-03-14 01:00:00,29.5%,10.57 GB,61.6%,231813,448202,10.1%,14.8%,3.5%
2026-03-14 02:00:00,32.0%,11.47 GB,61.6%,438222,634523,10.8%,9.8%,4.3%
2026-03-14 03:00:00,18.7%,9.72 GB,61.6%,166563,298212,7.2%,8.9%,6.8%
2026-03-14 04:00:00,41.7%,10.28 GB,61.6%,200876,244423,5.8%,10.5%,7.0%
2026-03-14 05:00:00,36.9%,8.95 GB,61.6%,364071,396602,5.7%,10.9%,6.4%
2026-03-14 06:00:00,36.2%,10.72 GB,61.6%,231163,647922,11.5%,10.6%,6.5%
2026-03-14 07:00:00,29.2%,8.24 GB,61.6%,405013,788866,6.2%,11.9%,5.3%
2026-03-14 08:00:00,33.0%,8.08 GB,61.6%,484205,463632,7.8%,9.1%,4.3%
2026-03-14 09:00:00,43.6%,11.69 GB,61.6%,460071,627692,8.2%,11.5%,6.1%
2026-03-14 10:00:00,37.2%,10.97 GB,61.6%,115479,657793,10.3%,10.2%,6.8%
2026-03-14 11:00:00,41.2%,9.12 GB,61.6%,165560,522128,11.8%,8.9%,4.7%
2026-03-14 12:00:00,40.6%,10.23 GB,61.6%,180922,387046,5.2%,13.3%,6.8%
2026-03-14 13:00:00,19.4%,11.08 GB,61.6%,154356,233638,11.2%,12.9%,6.0%
2026-03-14 14:00:00,21.9%,11.25 GB,61.6%,126415,427228,9.8%,9.3%,3.9%
2026-03-14 15:00:00,36.1%,9.76 GB,61.6%,222501,445844,10.7%,14.7%,3.7%
2026-03-14 16:00:00,33.2%,9.92 GB,61.6%,101951,393608,6.5%,11.5%,3.8%
2026-03-14 17:00:00,23.0%,9.92 GB,61.6%,140144,419761,6.5%,14.3%,4.4%
2026-03-14 18:00:00,27.5%,10.96 GB,61.6%,326797,508903,5.7%,9.1%,6.5%
2026-03-14 19:00:00,35.4%,10.15 GB,61.7%,362347,372244,11.7%,13.0%,3.0%
2026-03-14 20:00:00,40.7%,8.3 GB,61.7%,176277,771757,11.5%,14.7%,5.0%
2026-03-14 21:00:00,36.2%,10.09 GB,61.7%,151289,345061,10.0%,9.7%,4.8%
2026-03-14 22:00:00,28.4%,9.89 GB,61.7%,313560,709347,6.6%,14.4%,5.7%
2026-03-14 23:00:00,33.7%,9.19 GB,61.7%,204472,557540,9.2%,9.4%,6.4%
2026-03-15 00:00:00,39.4%,8.06 GB,61.7%,401930,560828,7.2%,12.1%,5.2%
2026-03-15 01:00:00,24.8%,10.93 GB,61.7%,408167,764392,12.0%,14.1%,5.6%
2026-03-15 02:00:00,15.8%,10.4 GB,61.7%,459431,777238,6.4%,9.8%,3.3%
2026-03-15 03:00:00,42.3%,9.66 GB,61.7%,231608,553606,8.9%,12.3%,6.9%
2026-03-15 04:00:00,18.8%,10.31 GB,61.7%,150063,620524,9.0%,14.9%,6.5%
2026-03-15 05:00:00,39.8%,9.94 GB,61.7%,414174,527458,11.8%,11.3%,4.7%
2026-03-15 06:00:00,30.7%,12.0 GB,61.7%,449794,402940,11.8%,11.0%,5.8%
2026-03-15 07:00:00,43.0%,9.8 GB,61.7%,360890,484645,8.9%,11.9%,5.8%
2026-03-15 08:00:00,28.1%,9.83 GB,61.7%,190840,251248,10.3%,11.9%,6.6%
2026-03-15 09:00:00,35.2%,9.3 GB,61.7%,401231,363782,8.8%,10.3%,6.7%
2026-03-15 10:00:00,35.2%,9.25 GB,61.7%,359053,297821,8.9%,10.7%,6.3%
2026-03-15 11:00:00,40.5%,11.44 GB,61.7%,254812,284500,8.6%,11.2%,3.6%
2026-03-15 12:00:00,26.9%,9.03 GB,61.7%,396047,545397,11.1%,11.1%,4.2%
2026-03-15 13:00:00,27.4%,8.56 GB,61.7%,402592,465099,6.4%,14.5%,6.2%
2026-03-15 14:00:00,16.1%,8.07 GB,61.8%,410569,487774,8.6%,10.7%,6.0%
2026-03-15 15:00:00,26.6%,11.93 GB,61.8%,149243,308731,8.8%,8.9%,6.6%
2026-03-15 16:00:00,19.1%,9.95 GB,61.8%,298369,522705,11.5%,9.1%,6.6%
2026-03-15 17:00:00,39.8%,11.53 GB,61.8%,435939,456444,9.6%,12.1%,6.7%
2026-03-15 18:00:00,23.7%,11.65 GB,61.8%,282780,220011,11.9%,12.4%,4.1%
2026-03-15 19:00:00,31.3%,9.19 GB,61.8%,287436,654081,6.4%,11.4%,3.7%
2026-03-15 20:00:00,19.2%,8.56 GB,61.8%,160106,507691,7.3%,11.9%,6.9%
2026-03-15 21:00:00,41.1%,8.97 GB,61.8%,459501,221859,7.5%,8.5%,6.9%
2026-03-15 22:00:00,32.2%,8.64 GB,61.8%,443456,754508,9.3%,14.2%,5.4%
2026-03-15 23:00:00,43.8%,10.23 GB,61.8%,367522,745188,5.0%,10.6%,4.3%
2026-03-16 00:00:00,96.8%,0.95 GB,61.8%,7195640,331450,42.8%,11.1%,4.3%
2026-03-16 01:00:00,99.1%,1.08 GB,61.8%,6656732,413906,40.9%,11.4%,6.1%
2026-03-16 02:00:00,96.9%,0.53 GB,61.8%,6602422,409770,49.1%,12.1%,5.4%
2026-03-16 03:00:00,88.2%,0.58 GB,61.8%,6744292,481960,47.0%,14.7%,6.7%
2026-03-16 04:00:00,87.7%,1.02 GB,61.8%,6946394,392067,42.7%,9.5%,3.8%
2026-03-16 05:00:00,99.6%,0.68 GB,61.8%,7323398,562549,45.8%,10.0%,5.9%
2026-03-16 06:00:00,31.1%,10.53 GB,61.8%,310333,437573,6.2%,12.7%,5.0%
2026-03-16 07:00:00,36.2%,8.22 GB,61.8%,242212,483830,8.1%,14.0%,4.5%
2026-03-16 08:00:00,18.3%,9.98 GB,61.8%,247049,346071,7.8%,13.9%,3.3%
2026-03-16 09:00:00,37.0%,10.08 GB,61.8%,289584,672338,10.1%,9.5%,5.3%
2026-03-16 10:00:00,34.4%,10.99 GB,61.9%,475249,232021,8.4%,12.8%,6.6%
2026-03-16 11:00:00,16.4%,9.31 GB,61.9%,387034,771985,8.4%,8.8%,4.1%
2026-03-16 12:00:00,22.5%,9.43 GB,61.9%,120699,707886,7.6%,11.6%,3.4%
2026-03-16 13:00:00,30.6%,10.29 GB,61.9%,369977,626157,10.5%,8.8%,5.8%
2026-03-16 14:00:00,36.8%,8.71 GB,61.9%,347721,292613,10.7%,9.0%,6.4%
2026-03-16 15:00:00,42.5%,9.38 GB,61.9%,434960,624383,11.1%,8.1%,6.0%
2026-03-16 16:00:00,29.8%,9.71 GB,61.9%,144992,544251,11.6%,12.0%,5.7%
2026-03-16 17:00:00,33.8%,11.97 GB,61.9%,134542,624361,6.1%,13.4%,6.7%
2026-03-16 18:00:00,17.1%,9.04 GB,61.9%,347582,607195,9.9%,9.3%,6.1%
2026-03-16 19:00:00,26.6%,10.69 GB,61.9%,129660,554106,5.7%,10.5%,4.4%
2026-03-16 20:00:00,18.0%,10.18 GB,61.9%,178706,696073,6.3%,8.1%,6.8%
2026-03-16 21:00:00,32.0%,8.39 GB,61.9%,265765,660093,8.1%,9.0%,5.3%
2026-03-16 22:00:00,42.0%,8.78 GB,61.9%,277362,309434,8.7%,13.8%,5.9%
2026-03-16 23:00:00,30.6%,9.91 GB,61.9%,427774,696583,5.5%,14.5%,6.0%
2026-03-17 00:00:00,17.1%,8.22 GB,61.9%,418185,453580,11.2%,13.7%,6.8%
2026-03-17 01:00:00,18.0%,8.47 GB,61.9%,150843,485274,6.0%,13.3%,3.3%
2026-03-17 02:00:00,27.8%,9.66 GB,61.9%,195757,432738,8.8%,9.4%,3.7%
2026-03-17 03:00:00,23.2%,10.51 GB,61.9%,188292,473080,6.1%,12.8%,4.0%
2026-03-17 04:00:00,20.5%,11.75 GB,61.9%,392796,487066,11.4%,12.6%,4.7%
2026-03-17 05:00:00,27.4%,10.94 GB,61.9%,193653,574154,5.7%,11.0%,6.5%
2026-03-17 06:00:00,42.8%,8.48 GB,62.0%,250541,696082,11.7%,11.6%,3.0%
2026-03-17 07:00:00,25.5%,11.13 GB,62.0%,314764,605146,8.3%,9.7%,3.4%
2026-03-17 08:00:00,23.3%,11.88 GB,62.0%,415727,345272,6.3%,11.0%,5.8%
2026-03-17 09:00:00,36.0%,11.28 GB,62.0%,350136,245810,9.1%,9.7%,3.8%
2026-03-17 10:00:00,18.5%,11.29 GB,62.0%,327169,667363,8.9%,12.0%,4.0%
2026-03-17 11:00:00,31.0%,8.57 GB,62.0%,450384,755639,10.2%,12.1%,3.7%
2026-03-17 12:00:00,23.1%,9.0 GB,62.0%,446876,408028,8.9%,8.5%,5.8%
2026-03-17 13:00:00,30.7%,11.86 GB,62.0%,266504,358598,9.6%,11.3%,3.8%
2026-03-17 14:00:00,43.9%,11.16 GB,62.0%,430361,619062,8.4%,9.4%,5.2%
2026-03-17 15:00:00,26.8%,11.54 GB,62.0%,226719,542122,6.2%,14.7%,3.5%
2026-03-17 16:00:00,30.1%,9.14 GB,62.0%,382736,647102,9.6%,10.6%,5.0%
2026-03-17 17:00:00,26.1%,10.77 GB,62.0%,248225,785667,7.2%,10.8%,6.9%
2026-03-17 18:00:00,36.1%,11.99 GB,62.0%,177905,528464,10.1%,14.5%,5.8%
2026-03-17 19:00:00,20.5%,9.9 GB,62.0%,229421,720305,10.7%,13.0%,5.2%
2026-03-17 20:00:00,35.0%,11.45 GB,62.0%,358281,711897,6.1%,12.6%,5.0%
2026-03-17 21:00:00,31.8%,11.16 GB,62.0%,386111,257183,11.4%,10.2%,5.7%
2026-03-17 22:00:00,35.9%,10.93 GB,62.0%,493441,206089,11.4%,8.9%,6.2%
2026-03-17 23:00:00,15.2%,9.74 GB,62.0%,211255,391435,5.7%,8.8%,6.7%
2026-03-18 00:00:00,25.7%,9.07 GB,62.0%,116032,558383,10.3%,14.1%,4.2%
2026-03-18 01:00:00,19.0%,9.0 GB,62.0%,493590,477594,11.4%,12.0%,3.3%
2026-03-18 02:00:00,40.3%,9.48 GB,62.0%,387190,370097,8.1%,10.9%,6.7%
2026-03-18 03:00:00,41.3%,8.75 GB,62.1%,462966,503573,7.9%,9.4%,4.3%
2026-03-18 04:00:00,23.3%,11.73 GB,62.1%,142947,763267,9.9%,12.3%,5.5%
2026-03-18 05:00:00,17.2%,10.32 GB,62.1%,205173,593539,5.9%,13.8%,5.9%
2026-03-18 06:00:00,44.6%,10.95 GB,62.1%,270056,671108,9.1%,12.2%,6.0%
2026-03-18 07:00:00,22.7%,9.91 GB,62.1%,109959,521532,8.7%,8.4%,4.1%
2026-03-18 08:00:00,41.0%,8.61 GB,62.1%,416866,509599,9.0%,8.5%,3.4%
2026-03-18 09:00:00,29.8%,8.6 GB,62.1%,287782,760117,10.7%,10.8%,3.5%
2026-03-18 10:00:00,43.0%,9.31 GB,62.1%,441977,528153,7.6%,15.0%,6.3%
2026-03-18 11:00:00,33.7%,10.36 GB,62.1%,425649,242009,9.3%,12.4%,5.7%
2026-03-18 12:00:00,25.4%,11.89 GB,62.1%,448402,663785,8.5%,12.8%,4.5%
2026-03-18 13:00:00,15.7%,11.27 GB,62.1%,271092,224047,6.1%,9.9%,4.0%
2026-03-18 14:00:00,38.7%,8.02 GB,62.1%,210278,528803,11.6%,13.2%,4.0%
2026-03-18 15:00:00,42.7%,10.93 GB,62.1%,212754,551464,9.7%,8.7%,6.1%
2026-03-18 16:00:00,19.8%,11.03 GB,62.1%,177324,419646,6.9%,14.0%,3.2%
2026-03-18 17:00:00,44.3%,10.98 GB,62.1%,471430,614944,5.7%,12.0%,3.4%
2026-03-18 18:00:00,31.6%,10.45 GB,62.1%,229918,200757,6.6%,12.1%,5.8%
2026-03-18 19:00:00,20.7%,9.09 GB,62.1%,446591,433992,6.1%,8.9%,5.1%
2026-03-18 20:00:00,38.0%,10.62 GB,62.1%,241508,479268,8.8%,12.7%,6.6%
2026-03-18 21:00:00,15.8%,11.87 GB,62.1%,365797,751222,5.9%,12.4%,3.0%
2026-03-18 22:00:00,33.7%,8.1 GB,62.1%,276102,792741,9.4%,14.3%,6.5%
2026-03-18 23:00:00,29.3%,9.92 GB,62.2%,139238,231183,10.6%,11.7%,5.9%
2026-03-19 00:00:00,24.6%,10.02 GB,62.2%,321509,663392,8.1%,13.5%,3.6%
2026-03-19 01:00:00,21.5%,8.67 GB,62.2%,457597,545501,7.6%,13.4%,5.5%
2026-03-19 02:00:00,38.9%,9.51 GB,62.2%,301277,327025,5.7%,10.4%,5.1%
2026-03-19 03:00:00,29.3%,8.56 GB,62.2%,454062,344269,7.2%,14.8%,6.9%
2026-03-19 04:00:00,32.0%,10.4 GB,62.2%,146363,282266,7.2%,10.2%,4.1%
2026-03-19 05:00:00,38.1%,11.22 GB,62.2%,156613,683583,6.7%,9.3%,5.0%
2026-03-19 06:00:00,23.8%,8.67 GB,62.2%,446670,400060,8.9%,14.5%,6.2%
2026-03-19 07:00:00,16.5%,9.43 GB,62.2%,257641,795615,6.6%,11.3%,3.2%
2026-03-19 08:00:00,27.3%,9.7 GB,62.2%,353601,727076,9.0%,11.5%,4.4%
2026-03-19 09:00:00,25.6%,11.21 GB,62.2%,313048,654384,7.0%,11.6%,6.7%
2026-03-19 10:00:00,29.6%,9.74 GB,62.2%,175913,224755,7.5%,12.6%,6.8%
2026-03-19 11:00:00,26.6%,9.02 GB,62.2%,250359,713358,7.0%,14.5%,5.0%
2026-03-19 12:00:00,26.9%,8.76 GB,62.2%,233989,674576,11.5%,14.0%,6.6%
2026-03-19 13:00:00,25.8%,11.68 GB,62.2%,493229,698913,7.2%,12.7%,4.0%
2026-03-19 14:00:00,41.1%,10.93 GB,62.2%,387434,571194,10.5%,9.4%,5.4%
2026-03-19 15:00:00,42.4%,10.9 GB,62.2%,409331,741239,5.1%,9.5%,6.4%
2026-03-19 16:00:00,34.3%,9.77 GB,62.2%,333092,379477,6.7%,10.1%,5.1%
2026-03-19 17:00:00,44.0%,11.56 GB,62.2%,350291,655936,9.6%,8.8%,5.1%
2026-03-19 18:00:00,29.6%,9.46 GB,62.2%,329661,365017,8.3%,13.3%,4.2%
2026-03-19 19:00:00,31.7%,9.48 GB,62.3%,237588,637932,8.5%,14.9%,4.8%
2026-03-19 20:00:00,24.0%,8.6 GB,62.3%,351390,479659,9.6%,14.7%,3.9%
2026-03-19 21:00:00,15.4%,8.99 GB,62.3%,381830,457214,5.8%,14.2%,4.5%
2026-03-19 22:00:00,33.9%,11.51 GB,62.3%,305119,514935,6.2%,13.0%,6.7%
2026-03-19 23:00:00,39.1%,8.97 GB,62.3%,281528,461582,5.4%,9.7%,6.0%
2026-03-20 00:00:00,18.7%,8.83 GB,62.3%,424405,769024,7.0%,11.5%,6.6%
2026-03-20 01:00:00,17.8%,9.01 GB,62.3%,437042,591937,6.0%,9.5%,6.5%
2026-03-20 02:00:00,38.7%,9.15 GB,62.3%,340668,784347,9.5%,14.1%,5.4%
2026-03-20 03:00:00,40.3%,9.07 GB,62.3%,164224,618536,10.2%,14.4%,6.7%
2026-03-20 04:00:00,38.0%,11.76 GB,62.3%,484366,705985,7.8%,13.9%,3.9%
2026-03-20 05:00:00,29.1%,10.46 GB,62.3%,417628,698190,6.4%,13.4%,6.2%
2026-03-20 06:00:00,39.6%,10.14 GB,62.3%,120111,693873,11.7%,13.1%,3.8%
2026-03-20 07:00:00,23.7%,10.83 GB,62.3%,150185,303740,11.0%,8.8%,5.8%
2026-03-20 08:00:00,42.0%,11.77 GB,62.3%,192064,590732,6.1%,13.4%,5.0%
2026-03-20 09:00:00,33.1%,8.53 GB,62.3%,336411,708814,5.9%,14.2%,4.7%
2026-03-20 10:00:00,20.9%,8.28 GB,62.3%,253290,441429,6.6%,11.8%,5.3%
2026-03-20 11:00:00,26.9%,9.18 GB,62.3%,290250,517259,7.6%,10.2%,6.1%
2026-03-20 12:00:00,44.3%,10.0 GB,62.3%,140207,638342,6.8%,12.5%,4.9%
2026-03-20 13:00:00,15.4%,11.65 GB,62.3%,174022,647603,8.5%,11.4%,4.3%
2026-03-20 14:00:00,27.5%,9.29 GB,62.4%,258499,314388,6.7%,11.2%,4.9%
2026-03-20 15:00:00,43.2%,8.97 GB,62.4%,410924,688313,9.6%,10.8%,3.1%
2026-03-20 16:00:00,38.7%,11.23 GB,62.4%,250418,537837,6.8%,12.4%,5.2%
2026-03-20 17:00:00,20.9%,10.7 GB,62.4%,268380,700126,9.1%,8.2%,5.6%
2026-03-20 18:00:00,35.1%,8.02 GB,62.4%,457357,370279,7.2%,8.4%,6.8%
2026-03-20 19:00:00,34.7%,10.85 GB,62.4%,178894,478941,5.2%,14.8%,4.3%
2026-03-20 20:00:00,20.8%,8.18 GB,62.4%,447198,638024,6.8%,8.6%,3.0%
2026-03-20 21:00:00,37.6%,11.75 GB,62.4%,215352,273050,9.0%,8.5%,5.3%
2026-03-20 22:00:00,40.8%,11.2 GB,62.4%,254050,274958,6.5%,13.1%,5.1%
2026-03-20 23:00:00,27.9%,11.8 GB,62.4%,232855,397138,5.5%,13.6%,4.4%
2026-03-21 00:00:00,22.7%,10.41 GB,62.4%,179849,575643,5.5%,12.8%,3.0%
2026-03-21 01:00:00,28.6%,9.18 GB,62.4%,113003,729246,5.5%,8.1%,4.4%
2026-03-21 02:00:00,35.7%,8.78 GB,62.4%,284383,523222,5.8%,9.1%,5.6%
2026-03-21 03:00:00,33.3%,9.23 GB,62.4%,264286,772454,8.5%,13.2%,6.9%
2026-03-21 04:00:00,33.2%,9.03 GB,62.4%,399342,771805,5.6%,14.8%,4.2%
2026-03-21 05:00:00,24.3%,9.84 GB,62.4%,300186,390450,10.0%,10.5%,5.6%
2026-03-21 06:00:00,15.8%,11.91 GB,62.4%,274990,603886,11.1%,14.4%,5.9%
2026-03-21 07:00:00,31.4%,9.66 GB,62.4%,132077,602746,11.4%,11.8%,4.5%
2026-03-21 08:00:00,29.5%,11.99 GB,62.4%,434862,251968,8.0%,10.7%,6.4%
2026-03-21 09:00:00,42.9%,10.45 GB,62.4%,253494,745146,12.0%,13.1%,4.8%
2026-03-21 10:00:00,15.5%,11.76 GB,62.5%,210966,263552,5.5%,8.7%,5.5%
2026-03-21 11:00:00,33.3%,8.56 GB,62.5%,236972,312074,10.5%,11.8%,3.2%
2026-03-21 12:00:00,22.0%,9.9 GB,62.5%,234201,263812,11.5%,11.5%,3.8%
2026-03-21 13:00:00,37.5%,8.14 GB,62.5%,450398,285552,6.5%,14.0%,4.2%
2026-03-21 14:00:00,35.1%,9.59 GB,62.5%,365119,330896,5.2%,9.1%,6.2%
2026-03-21 15:00:00,21.7%,10.21 GB,62.5%,497845,547194,11.2%,10.8%,4.7%
2026-03-21 16:00:00,26.8%,10.24 GB,62.5%,492239,762267,9.6%,8.8%,3.2%
2026-03-21 17:00:00,18.1%,10.41 GB,62.5%,302387,469664,10.4%,14.8%,5.1%
2026-03-21 18:00:00,36.2%,9.07 GB,62.5%,198321,224595,8.5%,9.0%,5.7%
2026-03-21 19:00:00,42.5%,10.27 GB,62.5%,419533,556781,8.7%,13.5%,5.6%
2026-03-21 20:00:00,41.8%,11.71 GB,62.5%,215332,657218,6.7%,11.5%,4.2%
2026-03-21 21:00:00,35.7%,9.58 GB,62.5%,402438,404872,5.6%,11.1%,6.6%
2026-03-21 22:00:00,41.4%,11.79 GB,62.5%,461838,626939,6.1%,12.1%,4.5%
2026-03-21 23:00:00,20.8%,8.43 GB,62.5%,123157,332480,8.1%,14.0%,3.2%
2026-03-22 00:00:00,35.0%,9.12 GB,62.5%,263469,506851,5.2%,8.1%,6.9%
2026-03-22 01:00:00,43.2%,11.22 GB,62.5%,477337,735979,11.3%,10.8%,5.6%
2026-03-22 02:00:00,15.4%,10.15 GB,62.5%,450158,506241,5.1%,9.6%,4.8%
2026-03-22 03:00:00,17.0%,11.08 GB,62.5%,444251,738996,9.9%,12.8%,5.3%
2026-03-22 04:00:00,28.3%,8.6 GB,62.5%,115482,618970,9.6%,13.1%,6.2%
2026-03-22 05:00:00,23.3%,9.87 GB,62.5%,270451,734723,9.9%,12.7%,4.4%
2026-03-22 06:00:00,44.6%,8.35 GB,62.5%,288563,397460,6.6%,9.0%,5.7%
2026-03-22 07:00:00,25.5%,8.51 GB,62.6%,380309,339190,5.7%,10.0%,4.4%
2026-03-22 08:00:00,22.4%,10.45 GB,62.6%,119099,315587,8.4%,12.9%,4.9%
2026-03-22 09:00:00,15.9%,8.2 GB,62.6%,165733,636899,8.8%,13.9%,4.3%
2026-03-22 10:00:00,27.8%,9.78 GB,62.6%,287666,728373,5.8%,8.1%,3.8%
2026-03-22 11:00:00,36.8%,11.85 GB,62.6%,291804,588308,5.7%,9.6%,6.3%
2026-03-22 12:00:00,40.5%,9.08 GB,62.6%,139990,490161,9.7%,11.9%,3.7%
2026-03-22 13:00:00,33.7%,9.66 GB,62.6%,445098,517036,11.9%,11.9%,6.8%
2026-03-22 14:00:00,43.9%,10.48 GB,62.6%,400854,696126,6.5%,9.4%,3.5%
2026-03-22 15:00:00,30.3%,8.55 GB,62.6%,475706,498550,8.0%,11.9%,3.6%
2026-03-22 16:00:00,34.6%,11.63 GB,62.6%,437172,230227,5.7%,13.7%,4.6%
2026-03-22 17:00:00,26.0%,9.57 GB,62.6%,109644,237472,10.5%,11.8%,4.1%
2026-03-22 18:00:00,23.5%,10.8 GB,62.6%,214312,395616,10.1%,12.1%,3.7%
2026-03-22 19:00:00,21.1%,10.57 GB,62.6%,451807,358599,9.5%,9.9%,5.7%
2026-03-22 20:00:00,38.0%,10.44 GB,62.6%,385348,753967,6.2%,10.2%,4.5%
2026-03-22 21:00:00,28.5%,8.6 GB,62.6%,180145,511581,9.7%,13.6%,3.1%
2026-03-22 22:00:00,31.6%,11.93 GB,62.6%,399502,536943,7.5%,9.3%,6.0%
2026-03-22 23:00:00,23.9%,8.65 GB,62.6%,318485,660759,5.5%,13.1%,6.8%
2026-03-23 00:00:00,15.3%,10.67 GB,62.6%,499063,474272,12.0%,14.4%,5.0%
2026-03-23 01:00:00,31.0%,9.64 GB,62.6%,342838,303052,5.7%,11.5%,4.5%
2026-03-23 02:00:00,17.3%,9.9 GB,62.6%,286976,779389,9.8%,10.2%,5.1%
2026-03-23 03:00:00,16.8%,9.21 GB,62.7%,480564,624606,8.3%,14.8%,5.1%
2026-03-23 04:00:00,36.4%,9.86 GB,62.7%,244840,460248,5.1%,13.0%,3.1%
2026-03-23 05:00:00,33.3%,10.96 GB,62.7%,112695,212791,7.3%,8.7%,3.6%
2026-03-23 06:00:00,21.6%,8.42 GB,62.7%,108599,201068,9.5%,9.1%,4.0%
2026-03-23 07:00:00,40.2%,9.61 GB,62.7%,352569,786637,8.4%,8.9%,3.5%
2026-03-23 08:00:00,44.8%,10.93 GB,62.7%,392728,719740,5.2%,9.0%,3.7%
2026-03-23 09:00:00,38.2%,8.88 GB,62.7%,206870,729725,7.4%,9.4%,5.8%
2026-03-23 10:00:00,16.8%,8.18 GB,62.7%,351396,268923,10.7%,14.9%,4.7%
2026-03-23 11:00:00,38.1%,11.57 GB,62.7%,181790,707616,9.9%,8.2%,5.4%
2026-03-23 12:00:00,20.7%,9.39 GB,62.7%,169114,416494,7.0%,10.4%,3.2%
2026-03-23 13:00:00,26.3%,9.78 GB,62.7%,300554,402960,6.5%,11.7%,5.9%
2026-03-23 14:00:00,30.9%,10.47 GB,62.7%,174597,593954,6.3%,8.1%,5.0%
2026-03-23 15:00:00,37.5%,11.92 GB,62.7%,394268,793947,11.2%,14.4%,6.0%
2026-03-23 16:00:00,30.8%,11.88 GB,62.7%,344082,647610,8.8%,8.2%,6.0%
2026-03-23 17:00:00,19.4%,11.42 GB,62.7%,210895,496276,7.2%,11.0%,3.0%
2026-03-23 18:00:00,42.9%,9.49 GB,62.7%,453701,567580,7.4%,12.7%,3.1%
2026-03-23 19:00:00,24.5%,11.98 GB,62.7%,122026,762399,6.3%,13.3%,6.2%
2026-03-23 20:00:00,31.7%,8.02 GB,62.7%,188979,498413,10.3%,9.7%,4.4%
2026-03-23 21:00:00,24.4%,9.47 GB,62.7%,453661,462225,10.0%,13.3%,3.4%
2026-03-23 22:00:00,34.2%,11.85 GB,62.8%,463731,624272,10.4%,14.4%,6.2%
2026-03-23 23:00:00,15.6%,10.45 GB,62.8%,296588,469064,9.1%,11.1%,5.6%
2026-03-24 00:00:00,15.8%,8.08 GB,62.8%,401716,229150,11.9%,12.9%,5.4%
2026-03-24 01:00:00,17.1%,8.63 GB,62.8%,165045,748950,11.7%,12.2%,6.2%
2026-03-24 02:00:00,16.7%,11.81 GB,62.8%,209114,335807,9.0%,8.9%,5.6%
2026-03-24 03:00:00,17.3%,11.88 GB,62.8%,115822,760282,9.7%,12.1%,5.6%
2026-03-24 04:00:00,38.8%,11.53 GB,62.8%,159687,232002,7.3%,11.2%,5.8%
2026-03-24 05:00:00,39.2%,11.0 GB,62.8%,245784,742005,9.4%,12.6%,3.2%
2026-03-24 06:00:00,39.7%,10.36 GB,62.8%,290075,605233,9.7%,12.0%,4.5%
2026-03-24 07:00:00,33.9%,9.53 GB,62.8%,215299,645170,5.8%,13.7%,5.8%
2026-03-24 08:00:00,18.1%,9.76 GB,62.8%,288906,639728,7.5%,13.8%,5.9%
2026-03-24 09:00:00,39.6%,10.61 GB,62.8%,491330,520542,10.9%,12.4%,4.8%
2026-03-24 10:00:00,40.7%,10.23 GB,62.8%,433013,634367,6.4%,10.6%,5.3%
2026-03-24 11:00:00,44.9%,8.78 GB,62.8%,411284,454154,7.1%,11.6%,6.5%
2026-03-24 12:00:00,30.5%,11.26 GB,62.8%,288216,737264,11.2%,8.9%,3.7%
2026-03-24 13:00:00,21.3%,9.0 GB,62.8%,417614,245817,6.9%,9.6%,5.6%
2026-03-24 14:00:00,39.3%,8.77 GB,62.8%,380049,218611,5.4%,12.3%,4.0%
2026-03-24 15:00:00,29.7%,8.06 GB,62.8%,493771,430322,5.5%,13.0%,4.8%
2026-03-24 16:00:00,44.1%,11.37 GB,62.8%,109858,768309,8.3%,11.1%,6.8%
2026-03-24 17:00:00,41.2%,11.42 GB,62.8%,220319,734110,5.3%,15.0%,4.7%
2026-03-24 18:00:00,22.2%,9.25 GB,62.9%,208839,334103,5.7%,9.2%,3.4%
2026-03-24 19:00:00,22.0%,8.04 GB,62.9%,485292,367118,7.9%,10.4%,3.7%
2026-03-24 20:00:00,21.7%,10.41 GB,62.9%,233488,221933,7.3%,12.8%,6.3%
2026-03-24 21:00:00,16.9%,8.35 GB,62.9%,272545,487945,8.8%,15.0%,5.7%
2026-03-24 22:00:00,24.9%,11.19 GB,62.9%,254960,672909,9.7%,8.6%,4.7%
2026-03-24 23:00:00,33.9%,11.46 GB,62.9%,162901,757847,8.8%,8.1%,4.4%
2026-03-25 00:00:00,38.6%,9.01 GB,62.9%,226845,606112,7.6%,10.2%,3.2%
2026-03-25 01:00:00,24.2%,9.13 GB,62.9%,210364,327832,11.8%,9.1%,6.1%
2026-03-25 02:00:00,29.1%,9.13 GB,62.9%,165281,594982,11.7%,12.4%,3.4%
2026-03-25 03:00:00,37.9%,8.55 GB,62.9%,109436,605703,10.0%,8.8%,3.0%
2026-03-25 04:00:00,28.4%,11.07 GB,62.9%,194795,230739,11.1%,8.6%,4.7%
2026-03-25 05:00:00,42.5%,10.88 GB,62.9%,382625,446498,8.6%,13.8%,3.8%
2026-03-25 06:00:00,38.2%,9.73 GB,62.9%,475610,755934,10.1%,12.9%,6.7%
2026-03-25 07:00:00,17.0%,11.25 GB,62.9%,160450,439109,8.6%,13.1%,3.7%
2026-03-25 08:00:00,43.3%,8.39 GB,62.9%,324335,486980,9.2%,10.4%,3.7%
2026-03-25 09:00:00,24.8%,9.65 GB,62.9%,134185,295230,10.9%,12.4%,6.5%
2026-03-25 10:00:00,22.1%,10.44 GB,62.9%,137618,432521,7.8%,14.1%,6.2%
2026-03-25 11:00:00,33.9%,9.78 GB,62.9%,419806,591028,5.0%,8.4%,5.9%
2026-03-25 12:00:00,40.4%,9.33 GB,62.9%,286747,338423,11.2%,14.5%,4.2%
2026-03-25 13:00:00,18.1%,10.21 GB,62.9%,141551,472567,8.7%,13.3%,3.8%
2026-03-25 14:00:00,21.8%,10.9 GB,63.0%,400765,468725,6.0%,9.5%,5.9%
2026-03-25 15:00:00,19.4%,11.78 GB,63.0%,469901,716002,11.8%,10.6%,5.5%
2026-03-25 16:00:00,19.7%,11.65 GB,63.0%,264527,506573,7.5%,10.4%,3.4%
2026-03-25 17:00:00,20.9%,10.58 GB,63.0%,234978,442147,9.8%,12.6%,3.3%
2026-03-25 18:00:00,19.2%,8.65 GB,63.0%,248951,566930,10.8%,8.0%,4.7%
2026-03-25 19:00:00,21.7%,8.49 GB,63.0%,442877,483598,8.9%,9.7%,3.7%
2026-03-25 20:00:00,20.4%,10.84 GB,63.0%,139814,328326,7.8%,12.2%,5.6%
2026-03-25 21:00:00,24.5%,11.04 GB,63.0%,198013,624060,8.4%,11.4%,6.0%
2026-03-25 22:00:00,21.5%,11.05 GB,63.0%,456799,568978,11.5%,13.8%,4.7%
2026-03-25 23:00:00,19.0%,9.21 GB,63.0%,106421,425351,7.0%,12.0%,6.7%
2026-03-26 00:00:00,23.9%,9.92 GB,63.0%,151433,436734,9.3%,9.6%,5.7%
2026-03-26 01:00:00,40.0%,10.7 GB,63.0%,230746,783414,11.8%,10.4%,6.3%
2026-03-26 02:00:00,38.6%,10.15 GB,63.0%,231010,456003,5.9%,12.1%,5.4%
2026-03-26 03:00:00,29.7%,9.47 GB,63.0%,258212,208854,9.1%,13.4%,3.6%
2026-03-26 04:00:00,30.2%,9.08 GB,63.0%,373507,501574,5.0%,14.0%,4.8%
2026-03-26 05:00:00,19.1%,10.14 GB,63.0%,378237,695928,5.4%,9.5%,4.7%
2026-03-26 06:00:00,43.6%,10.37 GB,63.0%,332134,504450,10.6%,9.0%,5.6%
2026-03-26 07:00:00,17.5%,11.5 GB,63.0%,115499,384939,7.2%,10.1%,3.3%
2026-03-26 08:00:00,24.0%,10.39 GB,63.0%,249979,669593,11.6%,10.8%,4.8%
2026-03-26 09:00:00,30.9%,11.67 GB,63.0%,337385,445127,10.0%,13.7%,4.0%
2026-03-26 10:00:00,22.1%,8.33 GB,63.0%,467283,497791,10.2%,14.6%,4.9%
2026-03-26 11:00:00,33.3%,10.89 GB,63.1%,214689,274423,5.2%,10.2%,5.7%
2026-03-26 12:00:00,42.2%,8.02 GB,63.1%,486274,258433,5.1%,13.8%,5.9%
2026-03-26 13:00:00,21.0%,9.93 GB,63.1%,302567,733819,9.3%,8.4%,4.0%
2026-03-26 14:00:00,29.6%,9.2 GB,63.1%,464800,770055,6.6%,13.9%,5.7%
2026-03-26 15:00:00,43.1%,10.46 GB,63.1%,221177,684722,6.1%,13.1%,5.6%
2026-03-26 16:00:00,27.4%,8.04 GB,63.1%,349705,541684,8.0%,11.9%,3.1%
2026-03-26 17:00:00,24.8%,9.09 GB,63.1%,438904,354382,6.2%,9.9%,6.3%
2026-03-26 18:00:00,22.3%,9.29 GB,63.1%,242634,494671,6.0%,11.3%,3.3%
2026-03-26 19:00:00,23.3%,8.81 GB,63.1%,350888,436638,8.7%,10.4%,4.1%
2026-03-26 20:00:00,31.6%,10.72 GB,63.1%,364489,603242,11.6%,9.5%,6.1%
2026-03-26 21:00:00,20.2%,8.85 GB,63.1%,331805,593176,9.7%,9.9%,4.1%
2026-03-26 22:00:00,16.8%,9.4 GB,63.1%,225479,477222,6.4%,14.6%,3.4%
2026-03-26 23:00:00,29.5%,11.11 GB,63.1%,456221,584501,5.7%,14.3%,4.5%
2026-03-27 00:00:00,35.9%,10.53 GB,63.1%,352954,628114,5.2%,11.4%,6.9%
2026-03-27 01:00:00,34.0%,8.97 GB,63.1%,378719,327371,6.5%,9.0%,6.8%
2026-03-27 02:00:00,18.3%,10.96 GB,63.1%,165542,629118,5.3%,14.8%,4.1%
2026-03-27 03:00:00,21.3%,10.57 GB,63.1%,143358,264292,9.8%,11.2%,3.2%
2026-03-27 04:00:00,32.1%,11.05 GB,63.1%,243246,697096,7.8%,12.2%,4.6%
2026-03-27 05:00:00,32.9%,9.22 GB,63.1%,391401,617735,8.9%,9.0%,4.6%
2026-03-27 06:00:00,41.4%,10.6 GB,63.1%,411700,545360,9.4%,14.1%,3.2%
2026-03-27 07:00:00,39.0%,9.59 GB,63.2%,202620,771522,10.0%,14.3%,5.9%
2026-03-27 08:00:00,27.6%,9.06 GB,63.2%,127710,477486,7.5%,9.7%,4.5%
2026-03-27 09:00:00,24.1%,10.55 GB,63.2%,245215,745565,7.5%,14.0%,4.0%
2026-03-27 10:00:00,15.9%,9.78 GB,63.2%,340292,290964,5.2%,14.0%,5.3%
2026-03-27 11:00:00,41.1%,9.83 GB,63.2%,295531,512321,11.2%,9.8%,3.3%
2026-03-27 12:00:00,17.6%,8.28 GB,63.2%,465246,533585,5.4%,12.0%,5.9%
2026-03-27 13:00:00,30.1%,8.78 GB,63.2%,358089,407171,8.2%,8.3%,4.2%
2026-03-27 14:00:00,30.0%,9.56 GB,63.2%,193410,546205,7.9%,12.3%,3.2%
2026-03-27 15:00:00,20.8%,10.04 GB,63.2%,319654,716242,7.7%,9.8%,4.3%
2026-03-27 16:00:00,40.8%,10.15 GB,63.2%,465230,636700,11.1%,12.1%,5.0%
2026-03-27 17:00:00,28.6%,8.56 GB,63.2%,409061,496909,8.2%,10.6%,6.3%
2026-03-27 18:00:00,25.2%,8.88 GB,63.2%,265786,671699,7.6%,13.2%,4.2%
2026-03-27 19:00:00,34.0%,10.15 GB,63.2%,392627,532656,10.8%,12.0%,4.4%
2026-03-27 20:00:00,33.2%,10.93 GB,63.2%,119249,420471,5.3%,13.3%,4.1%
2026-03-27 21:00:00,25.9%,8.85 GB,63.2%,271252,369063,7.8%,12.0%,4.9%
2026-03-27 22:00:00,16.5%,11.09 GB,63.2%,224916,401637,8.0%,8.6%,3.8%
2026-03-27 23:00:00,34.5%,9.18 GB,63.2%,249771,275226,11.4%,13.7%,4.2%
2026-03-28 00:00:00,18.1%,11.1 GB,63.2%,107693,346112,8.0%,13.6%,3.9%
2026-03-28 01:00:00,25.5%,8.41 GB,63.2%,304549,234554,8.8%,12.0%,3.8%
2026-03-28 02:00:00,37.6%,8.1 GB,63.2%,149765,783459,6.3%,14.1%,6.2%
2026-03-28 03:00:00,21.9%,10.05 GB,63.3%,261308,306142,6.3%,9.3%,5.6%
2026-03-28 04:00:00,20.7%,9.53 GB,63.3%,198682,780847,7.8%,11.8%,4.9%
2026-03-28 05:00:00,18.1%,9.8 GB,63.3%,368642,298842,8.0%,9.9%,3.0%
2026-03-28 06:00:00,34.6%,11.2 GB,63.3%,357527,363892,10.9%,8.6%,3.6%
2026-03-28 07:00:00,30.4%,10.48 GB,63.3%,195688,450669,8.7%,13.1%,4.8%
2026-03-28 08:00:00,38.6%,9.39 GB,63.3%,394480,514798,7.0%,12.6%,3.6%
2026-03-28 09:00:00,23.0%,9.92 GB,63.3%,304697,615458,10.7%,14.2%,3.9%
2026-03-28 10:00:00,24.7%,11.0 GB,63.3%,455793,472991,5.7%,13.0%,6.3%
2026-03-28 11:00:00,44.4%,9.61 GB,63.3%,152040,733265,11.8%,12.2%,4.4%
2026-03-28 12:00:00,16.4%,10.09 GB,63.3%,422484,705540,11.2%,13.0%,5.5%
2026-03-28 13:00:00,19.2%,11.16 GB,63.3%,335823,615495,5.3%,11.3%,6.4%
2026-03-28 14:00:00,44.8%,8.26 GB,63.3%,138024,478588,7.5%,11.8%,4.7%
2026-03-28 15:00:00,35.0%,10.42 GB,63.3%,191440,741048,5.5%,12.5%,6.7%
2026-03-28 16:00:00,29.7%,10.09 GB,63.3%,425055,580642,6.3%,12.6%,6.1%
2026-03-28 17:00:00,16.1%,9.58 GB,63.3%,122497,311023,7.2%,9.7%,5.2%
2026-03-28 18:00:00,35.4%,11.46 GB,63.3%,235729,249574,10.5%,13.9%,5.4%
2026-03-28 19:00:00,27.9%,8.54 GB,63.3%,158042,347272,5.5%,14.4%,3.7%
2026-03-28 20:00:00,31.9%,9.44 GB,63.3%,431066,614001,9.6%,8.6%,5.4%
2026-03-28 21:00:00,23.2%,11.93 GB,63.3%,468933,759478,10.3%,12.0%,4.7%
2026-03-28 22:00:00,24.6%,10.23 GB,63.4%,164479,794132,5.9%,14.6%,3.7%
2026-03-28 23:00:00,35.4%,8.04 GB,63.4%,496936,490068,9.5%,11.9%,6.0%
2026-03-29 00:00:00,25.0%,9.62 GB,63.4%,125470,289575,6.4%,14.0%,6.8%
2026-03-29 01:00:00,17.4%,11.07 GB,63.4%,465013,206988,5.6%,12.2%,5.8%
2026-03-29 02:00:00,19.1%,9.73 GB,63.4%,464435,536031,5.0%,11.4%,3.9%
2026-03-29 03:00:00,38.0%,9.81 GB,63.4%,318220,312605,6.8%,13.0%,4.1%
2026-03-29 04:00:00,24.9%,8.04 GB,63.4%,106084,578052,7.8%,14.2%,3.9%
2026-03-29 05:00:00,29.3%,11.04 GB,63.4%,495165,661878,7.9%,9.6%,5.2%
2026-03-29 06:00:00,28.0%,10.42 GB,63.4%,387184,453547,5.3%,10.8%,3.2%
2026-03-29 07:00:00,37.0%,10.43 GB,63.4%,119302,522916,11.8%,8.2%,5.5%
2026-03-29 08:00:00,24.9%,11.46 GB,63.4%,465704,382569,11.9%,13.9%,6.2%
2026-03-29 09:00:00,35.9%,10.04 GB,63.4%,196994,604877,5.2%,13.6%,5.7%
2026-03-29 10:00:00,26.4%,9.97 GB,63.4%,298561,443075,10.8%,12.3%,5.1%
2026-03-29 11:00:00,22.0%,10.79 GB,63.4%,404227,507602,8.6%,14.3%,5.5%
2026-03-29 12:00:00,38.2%,11.71 GB,63.4%,275999,326356,5.4%,13.0%,5.4%
2026-03-29 13:00:00,35.2%,9.69 GB,63.4%,361534,795339,11.5%,14.1%,4.2%
2026-03-29 14:00:00,31.9%,11.59 GB,63.4%,294776,498300,5.2%,13.5%,3.7%
2026-03-29 15:00:00,20.0%,10.14 GB,63.4%,149075,632194,10.4%,14.5%,4.0%
2026-03-29 16:00:00,27.7%,8.99 GB,63.4%,418812,256275,5.3%,10.1%,6.7%
2026-03-29 17:00:00,21.4%,9.44 GB,63.4%,152074,249536,9.3%,12.5%,4.3%
2026-03-29 18:00:00,17.6%,9.86 GB,63.5%,131958,445676,8.8%,10.0%,6.5%
2026-03-29 19:00:00,35.0%,8.71 GB,63.5%,373285,630001,9.9%,8.6%,5.3%
2026-03-29 20:00:00,29.1%,9.98 GB,63.5%,489019,596813,10.9%,13.1%,3.0%
2026-03-29 21:00:00,30.2%,9.96 GB,63.5%,179177,411386,11.4%,10.2%,3.5%
2026-03-29 22:00:00,21.3%,9.5 GB,63.5%,207363,242791,5.8%,13.0%,4.8%
2026-03-29 23:00:00,28.7%,11.0 GB,63.5%,495261,291057,5.5%,10.6%,4.2%
2026-03-30 00:00:00,16.2%,10.6 GB,63.5%,423266,319247,10.8%,11.8%,4.1%
2026-03-30 01:00:00,32.8%,9.54 GB,63.5%,460207,424742,10.2%,14.6%,5.2%
2026-03-30 02:00:00,32.4%,11.72 GB,63.5%,458668,468081,10.2%,10.8%,3.0%
2026-03-30 03:00:00,41.8%,11.78 GB,63.5%,475417,495866,5.6%,13.8%,4.0%
2026-03-30 04:00:00,26.6%,10.06 GB,63.5%,216968,630819,8.8%,11.6%,4.1%
2026-03-30 05:00:00,20.9%,8.62 GB,63.5%,133690,383153,7.4%,14.0%,3.2%
2026-03-30 06:00:00,28.1%,10.08 GB,63.5%,417843,770417,8.4%,11.6%,4.0%
2026-03-30 07:00:00,25.4%,10.55 GB,63.5%,336515,742576,10.3%,12.1%,6.5%
2026-03-30 08:00:00,28.1%,8.85 GB,63.5%,460384,603651,10.9%,12.1%,3.3%
2026-03-30 09:00:00,42.7%,9.96 GB,63.5%,424076,266581,9.2%,12.6%,3.2%
2026-03-30 10:00:00,44.9%,10.02 GB,63.5%,362920,638035,11.5%,13.5%,6.6%
2026-03-30 11:00:00,17.2%,10.8 GB,63.5%,162247,395696,8.5%,12.1%,6.7%
2026-03-30 12:00:00,21.2%,11.27 GB,63.5%,189593,267661,9.2%,10.5%,6.2%
2026-03-30 13:00:00,22.2%,10.36 GB,63.5%,462239,645364,9.4%,13.4%,5.0%
2026-03-30 14:00:00,43.3%,8.26 GB,63.5%,374315,368552,10.0%,8.1%,4.9%
2026-03-30 15:00:00,43.6%,9.7 GB,63.6%,141771,558362,11.6%,8.7%,4.3%
2026-03-30 16:00:00,22.6%,11.1 GB,63.6%,191244,759803,5.6%,14.3%,4.0%
2026-03-30 17:00:00,29.4%,8.77 GB,63.6%,211993,566977,5.4%,12.1%,3.3%
2026-03-30 18:00:00,16.6%,9.21 GB,63.6%,386455,388650,5.4%,11.2%,4.9%
2026-03-30 19:00:00,21.5%,11.01 GB,63.6%,187791,695817,8.1%,14.8%,4.5%
2026-03-30 20:00:00,31.0%,8.51 GB,63.6%,426735,770128,5.1%,8.2%,4.7%
2026-03-30 21:00:00,22.1%,8.47 GB,63.6%,394100,511867,9.9%,13.2%,3.3%
2026-03-30 22:00:00,41.3%,10.05 GB,63.6%,497379,585425,9.9%,8.6%,3.0%
2026-03-30 23:00:00,16.0%,10.63 GB,63.6%,141643,580141,5.6%,12.1%,6.8%
