timestamp,cpu_percent,memory_available_gb,disk_usage_percent,net_bytes_sent,net_bytes_recv,proc_asm_cpu,proc_correlation_cpu,proc_db_cpu,latency_ms,active_processes,iowait_percent,swap_percent
2026-03-01 00:00:00,19.1%,8.95 GB,60.0%,264268,267577,5.6%,5.5%,2.3%,29.2,135,1.6,5.1
2026-03-01 01:00:00,19.8%,10.22 GB,60.0%,129292,151063,5.4%,4.3%,3.4%,33.0,121,3.7,5.1
2026-03-01 02:00:00,18.3%,9.4 GB,60.0%,133662,121085,4.3%,4.4%,3.4%,30.1,123,2.6,5.1
2026-03-01 03:00:00,23.1%,9.86 GB,60.0%,259289,378696,7.6%,5.6%,3.8%,34.3,130,2.8,5.2
2026-03-01 04:00:00,23.0%,10.86 GB,60.0%,588195,809646,4.9%,6.8%,3.7%,78.4,139,4.8,5.2
2026-03-01 05:00:00,23.0%,9.93 GB,60.0%,335057,472575,7.0%,6.3%,3.7%,34.2,143,2.8,5.3
2026-03-01 06:00:00,31.0%,9.09 GB,60.0%,171790,228900,9.4%,7.9%,5.9%,41.2,142,3.2,5.3
2026-03-01 07:00:00,41.0%,10.41 GB,60.1%,412956,480906,15.9%,11.1%,5.1%,46.7,154,1.5,5.3
2026-03-01 08:00:00,27.1%,9.85 GB,60.1%,368655,530524,6.2%,7.6%,4.5%,38.0,152,3.1,5.4
2026-03-01 09:00:00,40.1%,10.08 GB,60.1%,293871,417142,12.3%,10.4%,4.4%,45.5,145,1.2,5.4
2026-03-01 10:00:00,37.3%,10.08 GB,60.1%,557634,556786,8.0%,9.1%,5.5%,43.1,180,1.1,5.5
2026-03-01 11:00:00,37.7%,10.46 GB,60.1%,197440,188753,14.4%,7.6%,7.3%,47.9,140,4.1,5.5
2026-03-01 12:00:00,40.4%,9.37 GB,60.1%,319365,361510,15.9%,11.7%,5.1%,47.1,176,2.1,5.5
2026-03-01 13:00:00,39.1%,9.64 GB,60.1%,548360,572114,8.1%,10.2%,6.0%,48.6,196,3.8,5.6
2026-03-01 14:00:00,38.6%,9.17 GB,60.1%,482204,443593,13.7%,11.5%,5.5%,45.5,147,2.0,5.7
2026-03-01 15:00:00,37.2%,10.9 GB,60.1%,421838,477328,9.3%,11.0%,3.8%,48.5,180,4.7,5.7
2026-03-01 16:00:00,42.5%,10.91 GB,60.1%,344455,432887,10.6%,9.6%,8.2%,51.9,148,4.1,5.7
2026-03-01 17:00:00,32.0%,10.16 GB,60.1%,191190,214986,10.4%,7.9%,6.1%,42.2,166,3.2,5.7
2026-03-01 18:00:00,30.7%,10.15 GB,60.1%,347998,466182,7.5%,6.5%,4.1%,38.7,156,1.6,5.8
2026-03-01 19:00:00,27.6%,8.79 GB,60.1%,409000,327803,9.0%,7.9%,3.0%,38.5,142,3.1,5.8
2026-03-01 20:00:00,28.8%,11.64 GB,60.1%,267812,291497,9.8%,8.4%,3.5%,40.2,154,3.6,5.8
2026-03-01 21:00:00,19.6%,8.25 GB,60.1%,191405,194778,5.4%,5.5%,3.7%,32.2,123,3.2,5.9
2026-03-01 22:00:00,26.0%,7.66 GB,60.1%,350623,440767,8.5%,6.9%,3.4%,36.3,150,2.5,6.0
2026-03-01 23:00:00,23.1%,7.54 GB,60.1%,115975,130235,8.0%,6.0%,4.0%,34.4,128,2.7,6.1
2026-03-02 00:00:00,16.7%,8.98 GB,60.2%,137433,136644,5.3%,3.4%,2.4%,28.7,108,2.3,6.2
2026-03-02 01:00:00,23.2%,10.5 GB,60.2%,170066,253435,7.8%,5.3%,4.5%,36.8,123,4.3,6.2
2026-03-02 02:00:00,23.4%,9.1 GB,60.2%,342520,372448,7.1%,4.9%,3.8%,35.1,140,3.0,6.2
2026-03-02 03:00:00,25.9%,10.52 GB,60.2%,159093,224487,9.3%,5.2%,2.6%,34.7,129,1.4,6.3
2026-03-02 04:00:00,26.2%,11.19 GB,60.2%,151164,134580,7.9%,7.0%,3.9%,34.4,139,1.1,6.3
2026-03-02 05:00:00,24.5%,10.7 GB,60.2%,125486,105404,7.7%,6.6%,3.3%,37.9,131,4.2,6.3
2026-03-02 06:00:00,26.5%,9.19 GB,60.2%,289756,355351,10.1%,5.8%,3.4%,38.1,155,3.3,6.4
2026-03-02 07:00:00,30.1%,8.72 GB,60.2%,195665,267187,8.0%,8.8%,4.8%,38.2,163,1.5,6.4
2026-03-02 08:00:00,31.8%,11.07 GB,60.2%,278964,299495,10.3%,9.3%,3.7%,43.6,155,4.1,6.5
2026-03-02 09:00:00,37.2%,9.55 GB,60.2%,456715,456739,13.1%,9.3%,5.2%,48.7,186,4.7,6.5
2026-03-02 10:00:00,31.9%,9.98 GB,60.2%,345664,388328,12.5%,6.7%,3.7%,42.7,142,3.5,6.5
2026-03-02 11:00:00,34.5%,10.35 GB,60.2%,484903,437108,13.4%,7.3%,3.6%,44.1,149,3.0,6.6
2026-03-02 12:00:00,41.9%,9.89 GB,60.2%,522342,718257,9.5%,10.5%,4.7%,47.3,178,1.2,6.6
2026-03-02 13:00:00,36.6%,8.64 GB,60.2%,449639,454851,13.4%,10.0%,5.7%,48.0,156,4.4,6.7
2026-03-02 14:00:00,42.5%,9.52 GB,60.2%,534921,772269,8.8%,9.2%,7.5%,50.7,177,3.1,6.7
2026-03-02 15:00:00,40.3%,10.63 GB,60.2%,555301,721999,15.8%,11.6%,7.8%,48.2,143,2.6,6.8
2026-03-02 16:00:00,35.5%,9.73 GB,60.2%,341034,449795,11.6%,8.0%,5.1%,44.3,161,2.6,6.8
2026-03-02 17:00:00,39.9%,9.24 GB,60.2%,383801,385492,11.3%,11.4%,7.4%,49.4,189,3.6,6.9
2026-03-02 18:00:00,32.3%,10.26 GB,60.2%,325302,371714,11.1%,7.7%,5.9%,39.5,153,1.1,6.9
2026-03-02 19:00:00,24.8%,9.2 GB,60.3%,202755,233490,8.7%,5.7%,2.7%,34.5,149,1.8,7.0
2026-03-02 20:00:00,24.6%,10.23 GB,60.3%,178550,166158,8.3%,6.9%,4.0%,39.2,121,4.9,7.0
2026-03-02 21:00:00,26.4%,8.14 GB,60.3%,229151,331190,7.4%,6.1%,2.8%,35.5,120,1.5,7.1
2026-03-02 22:00:00,21.4%,11.68 GB,60.3%,223708,311078,5.2%,6.2%,3.3%,31.6,134,1.6,7.1
2026-03-02 23:00:00,20.1%,11.85 GB,60.3%,187858,261648,5.9%,4.7%,3.7%,32.1,114,2.6,7.1
2026-03-03 00:00:00,19.4%,9.26 GB,60.3%,214935,209946,4.1%,5.6%,3.1%,34.4,126,4.5,7.1
2026-03-03 01:00:00,22.7%,10.07 GB,60.3%,241928,286501,6.6%,5.5%,2.3%,37.5,130,4.7,7.2
2026-03-03 02:00:00,26.6%,11.73 GB,60.3%,219212,276081,9.6%,6.1%,4.9%,39.8,120,4.2,7.2
2026-03-03 03:00:00,27.2%,12 GB,60.3%,169553,181591,8.4%,6.7%,2.8%,41.3,153,4.9,7.2
2026-03-03 04:00:00,22.8%,10.88 GB,60.3%,212603,204552,5.4%,6.3%,4.3%,36.1,119,3.8,7.2
2026-03-03 05:00:00,32.3%,10.9 GB,60.3%,265064,245119,8.9%,6.5%,6.4%,43.2,130,3.5,7.2
2026-03-03 06:00:00,29.4%,10.51 GB,60.3%,323778,419748,7.0%,7.5%,5.7%,39.0,157,2.3,7.2
2026-03-03 07:00:00,31.7%,9.3 GB,60.3%,1541340,2242468,9.6%,7.7%,4.9%,97.5,169,1.0,7.3
2026-03-03 08:00:00,36.1%,11.27 GB,60.3%,182503,155704,7.4%,7.5%,6.5%,44.2,134,2.1,7.3
2026-03-03 09:00:00,33.1%,9.18 GB,60.3%,437003,625476,9.4%,9.3%,4.7%,43.4,151,3.2,7.4
2026-03-03 10:00:00,42.9%,11.16 GB,60.3%,311386,252065,12.6%,9.0%,4.4%,50.2,161,2.5,7.4
2026-03-03 11:00:00,68.4%,9.3 GB,60.3%,3160676,4568477,21.4%,13.8%,10.8%,170.6,207,1.6,7.4
2026-03-03 12:00:00,39.3%,11.49 GB,60.3%,482082,419312,8.5%,10.1%,4.0%,49.9,176,4.1,7.5
2026-03-03 13:00:00,44.3%,10.02 GB,60.4%,325910,488285,10.5%,9.5%,7.2%,49.6,187,1.2,7.5
2026-03-03 14:00:00,36.8%,10.64 GB,60.4%,375498,403082,11.8%,7.5%,4.4%,46.4,173,3.2,7.5
2026-03-03 15:00:00,39.7%,8.06 GB,60.4%,267867,270466,11.6%,10.2%,7.9%,49.9,173,3.9,7.6
2026-03-03 16:00:00,36.2%,9.11 GB,60.4%,1089531,1525542,11.8%,9.4%,6.2%,79.0,139,2.4,7.7
2026-03-03 17:00:00,30.7%,8.69 GB,60.4%,930524,1374673,8.7%,6.9%,6.0%,94.2,159,2.4,7.7
2026-03-03 18:00:00,28.7%,10.82 GB,60.4%,381970,490069,8.4%,8.4%,3.5%,36.8,152,1.0,7.7
2026-03-03 19:00:00,28.0%,10.48 GB,60.4%,338351,386684,6.1%,7.0%,5.0%,40.5,154,3.8,7.8
2026-03-03 20:00:00,28.3%,10.27 GB,60.4%,171554,245771,7.7%,6.1%,4.8%,40.3,136,3.5,7.8
2026-03-03 21:00:00,25.0%,12 GB,60.4%,145974,193057,6.0%,5.2%,3.9%,39.2,146,4.6,7.8
2026-03-03 22:00:00,25.1%,9.42 GB,60.4%,359837,294379,5.2%,6.3%,3.8%,34.1,126,1.1,7.9
2026-03-03 23:00:00,17.7%,10.27 GB,60.4%,247086,253066,6.6%,3.6%,1.9%,32.8,128,4.2,7.9
2026-03-04 00:00:00,23.0%,11.86 GB,60.4%,271113,334200,8.2%,6.7%,4.2%,36.4,120,3.8,7.9
2026-03-04 01:00:00,46.0%,10.16 GB,60.4%,392973,582319,12.6%,10.3%,8.8%,54.0,216,3.2,7.9
2026-03-04 02:00:00,25.3%,8.34 GB,60.4%,178943,157354,7.1%,5.3%,2.8%,39.4,128,4.5,8.0
2026-03-04 03:00:00,21.8%,9.53 GB,60.5%,124595,165238,8.7%,5.1%,2.9%,32.9,130,2.0,8.1
2026-03-04 04:00:00,20.7%,10.33 GB,60.5%,118209,144672,8.2%,5.1%,2.1%,34.7,138,3.8,8.1
2026-03-04 05:00:00,26.9%,10.66 GB,60.5%,230571,273181,5.7%,5.9%,3.1%,38.1,148,2.7,8.1
2026-03-04 06:00:00,24.4%,10.15 GB,60.5%,321995,347861,8.1%,5.9%,4.6%,37.6,151,3.8,8.2
2026-03-04 07:00:00,27.4%,10.77 GB,60.5%,286897,393654,10.4%,8.0%,4.0%,36.9,137,1.7,8.2
2026-03-04 08:00:00,32.0%,12 GB,60.5%,317299,289554,11.1%,6.8%,5.7%,45.2,145,4.8,8.2
2026-03-04 09:00:00,36.6%,10.67 GB,60.5%,352311,407362,14.0%,9.5%,5.9%,48.3,148,4.4,8.2
2026-03-04 10:00:00,35.7%,10.61 GB,60.5%,497552,520301,13.5%,8.0%,5.3%,47.6,170,4.4,8.2
2026-03-04 11:00:00,40.4%,10.77 GB,60.5%,277472,383133,15.2%,10.9%,7.1%,50.5,169,3.8,8.3
2026-03-04 12:00:00,37.0%,7.64 GB,60.5%,218271,310897,11.5%,10.0%,4.8%,46.0,168,2.6,8.3
2026-03-04 13:00:00,39.1%,9.49 GB,60.5%,278323,287032,12.5%,11.5%,5.0%,49.5,143,3.8,8.4
2026-03-04 14:00:00,36.7%,8.57 GB,60.5%,525241,632148,10.1%,9.7%,7.3%,46.2,151,2.9,8.5
2026-03-04 15:00:00,40.3%,9.35 GB,60.5%,237457,342996,14.4%,9.8%,4.7%,49.5,193,3.1,8.5
2026-03-04 16:00:00,33.5%,10.29 GB,60.5%,478086,509679,8.1%,6.8%,5.7%,45.7,145,4.2,8.6
2026-03-04 17:00:00,33.8%,10.76 GB,60.5%,428406,355905,7.7%,9.7%,4.5%,43.1,153,2.3,8.6
2026-03-04 18:00:00,30.8%,11.11 GB,60.6%,295420,318351,11.4%,6.6%,3.4%,40.7,140,2.3,8.6
2026-03-04 19:00:00,27.2%,10.01 GB,60.6%,154492,125271,6.5%,8.0%,5.1%,40.1,126,3.8,8.6
2026-03-04 20:00:00,26.0%,8.44 GB,60.6%,196485,273963,9.7%,5.9%,4.1%,35.3,121,1.2,8.7
2026-03-04 21:00:00,23.6%,10.47 GB,60.6%,239038,311063,8.7%,7.0%,4.1%,38.6,122,4.8,8.7
2026-03-04 22:00:00,22.8%,7.33 GB,60.6%,212993,175222,4.6%,6.6%,3.7%,36.4,124,3.7,8.8
2026-03-04 23:00:00,18.9%,10.36 GB,60.6%,124755,106790,7.0%,5.1%,2.5%,29.5,126,1.1,8.9
2026-03-05 00:00:00,20.0%,9.07 GB,60.6%,134275,128732,4.4%,4.1%,3.5%,35.6,118,4.6,8.9
2026-03-05 01:00:00,19.2%,9.84 GB,60.6%,279689,233389,6.6%,4.6%,2.0%,31.7,118,2.4,9.0
2026-03-05 02:00:00,25.9%,9.7 GB,60.6%,176979,253417,8.5%,6.8%,4.2%,39.4,144,4.0,9.0
2026-03-05 03:00:00,23.1%,7.76 GB,60.6%,150585,155079,9.1%,6.0%,3.8%,38.6,146,4.9,9.1
2026-03-05 04:00:00,23.3%,8.23 GB,60.6%,170352,232154,7.0%,6.5%,2.6%,34.0,146,1.7,9.2
2026-03-05 05:00:00,29.2%,9.91 GB,60.6%,420877,438515,7.0%,7.3%,5.5%,38.8,165,1.7,9.2
2026-03-05 06:00:00,29.4%,9.07 GB,60.6%,370324,484058,7.5%,8.3%,5.5%,41.5,163,3.5,9.3
2026-03-05 07:00:00,29.0%,9.12 GB,60.6%,197794,162941,6.1%,7.8%,3.8%,40.4,151,2.9,9.3
2026-03-05 08:00:00,36.8%,9.86 GB,60.6%,487657,703911,11.7%,8.9%,4.6%,49.3,180,4.7,9.4
2026-03-05 09:00:00,42.1%,9.71 GB,60.6%,481239,708000,9.4%,9.5%,7.0%,51.4,157,3.3,9.4
2026-03-05 10:00:00,40.8%,10.68 GB,60.6%,907718,833602,12.2%,10.5%,8.0%,76.3,192,1.2,9.4
2026-03-05 11:00:00,45.7%,10.8 GB,60.6%,498664,448802,11.7%,13.4%,6.8%,55.3,173,3.9,9.5
2026-03-05 12:00:00,33.7%,11.29 GB,60.6%,326547,364639,10.4%,8.8%,6.2%,43.5,162,2.5,9.5
2026-03-05 13:00:00,41.3%,8.9 GB,60.6%,516975,537734,15.7%,10.8%,6.9%,49.8,182,2.6,9.5
2026-03-05 14:00:00,38.4%,10.27 GB,60.6%,328794,344244,10.5%,9.0%,6.6%,50.3,148,4.4,9.6
2026-03-05 15:00:00,36.9%,11.4 GB,60.6%,416912,480872,11.3%,8.5%,3.8%,48.2,187,3.9,9.6
2026-03-05 16:00:00,31.2%,10.73 GB,60.7%,381247,426073,10.4%,6.3%,5.1%,41.8,149,2.6,9.6
2026-03-05 17:00:00,30.4%,9.32 GB,60.7%,339481,335657,12.2%,6.8%,3.3%,41.0,147,2.5,9.7
2026-03-05 18:00:00,34.5%,9.78 GB,60.7%,460306,427810,8.3%,8.6%,5.9%,44.5,134,2.7,9.7
2026-03-05 19:00:00,25.7%,10.42 GB,60.7%,332545,357430,9.3%,5.8%,5.0%,35.5,123,1.4,9.7
2026-03-05 20:00:00,26.8%,8.79 GB,60.7%,139149,201014,7.0%,6.0%,3.5%,41.2,130,4.5,9.8
2026-03-05 21:00:00,25.1%,11.32 GB,60.7%,200353,205058,6.0%,7.3%,3.7%,35.6,130,1.7,9.8
2026-03-05 22:00:00,18.3%,10.35 GB,60.7%,182929,203702,6.8%,3.7%,3.2%,30.8,109,2.1,9.9
2026-03-05 23:00:00,20.5%,8.87 GB,60.7%,129035,110070,4.3%,4.7%,2.4%,34.3,114,3.3,9.9
2026-03-06 00:00:00,20.3%,11.01 GB,60.7%,283481,386112,7.7%,5.7%,3.0%,31.3,129,1.4,9.9
2026-03-06 01:00:00,21.0%,8.65 GB,60.7%,236500,195241,5.2%,5.4%,3.5%,32.5,116,1.8,10.0
2026-03-06 02:00:00,17.7%,9.99 GB,60.7%,155906,199744,5.8%,4.3%,2.8%,29.1,110,1.3,10.0
2026-03-06 03:00:00,22.0%,10.6 GB,60.7%,280011,255765,7.2%,5.0%,3.3%,34.3,144,2.5,10.1
2026-03-06 04:00:00,20.2%,9.59 GB,60.7%,372093,541952,7.9%,4.6%,3.1%,52.0,118,3.6,10.1
2026-03-06 05:00:00,22.7%,9.02 GB,60.7%,267068,304725,8.5%,6.5%,3.9%,35.9,118,3.2,10.2
2026-03-06 06:00:00,58.0%,10.32 GB,60.7%,563458,569058,14.8%,16.5%,6.1%,62.2,236,1.9,10.2
2026-03-06 07:00:00,33.0%,8.65 GB,60.8%,215986,307435,12.9%,9.1%,3.8%,43.4,153,2.6,10.3
2026-03-06 08:00:00,35.9%,10.08 GB,60.8%,236013,255279,11.6%,9.7%,6.8%,46.3,182,3.0,10.3
2026-03-06 09:00:00,39.1%,8.43 GB,60.8%,398947,440142,10.5%,9.2%,7.2%,48.2,172,2.5,10.4
2026-03-06 10:00:00,37.0%,10.27 GB,60.8%,312360,249959,11.7%,10.3%,5.8%,49.1,153,4.3,10.4
2026-03-06 11:00:00,46.3%,9.94 GB,60.8%,437421,450981,11.7%,11.4%,5.1%,53.7,188,2.3,10.5
2026-03-06 12:00:00,37.5%,10.51 GB,60.8%,498086,461255,13.9%,7.7%,6.3%,46.1,140,2.0,10.5
2026-03-06 13:00:00,36.8%,9.12 GB,60.8%,197181,182954,12.4%,10.5%,3.9%,47.9,157,3.5,10.6
2026-03-06 14:00:00,43.2%,8.62 GB,60.8%,426603,599248,15.1%,9.9%,8.1%,50.3,204,1.7,10.6
2026-03-06 15:00:00,38.0%,10.86 GB,60.8%,553574,575860,12.7%,10.1%,5.0%,45.3,163,1.1,10.6
2026-03-06 16:00:00,35.6%,8.66 GB,60.8%,496036,554469,10.5%,8.9%,6.8%,48.1,171,4.2,10.7
2026-03-06 17:00:00,38.1%,10.42 GB,60.8%,336184,352093,13.8%,10.9%,5.3%,50.1,169,4.3,10.7
2026-03-06 18:00:00,23.9%,10.0 GB,60.8%,289581,249780,7.0%,6.4%,3.7%,39.6,121,4.9,10.8
2026-03-06 19:00:00,29.4%,9.26 GB,60.8%,306577,315882,11.5%,6.5%,5.1%,43.2,135,4.3,10.8
2026-03-06 20:00:00,29.8%,11.39 GB,60.8%,423245,634344,10.3%,8.6%,5.6%,43.5,158,4.2,10.9
2026-03-06 21:00:00,23.9%,9.42 GB,60.8%,148286,156437,9.4%,6.0%,4.2%,38.4,144,4.0,10.9
2026-03-06 22:00:00,21.9%,10.68 GB,60.8%,121588,169651,7.1%,4.8%,2.9%,32.8,130,1.3,10.9
2026-03-06 23:00:00,17.6%,11.71 GB,60.8%,209413,189328,6.2%,4.9%,3.0%,28.9,126,1.0,10.9
2026-03-07 00:00:00,21.2%,10.24 GB,60.8%,311818,272715,6.1%,4.3%,2.5%,35.4,114,3.5,11.0
2026-03-07 01:00:00,21.5%,10.14 GB,60.9%,314326,320922,5.3%,6.4%,3.0%,37.0,114,4.4,11.0
2026-03-07 02:00:00,21.5%,9.74 GB,60.9%,281984,373341,5.4%,5.0%,2.5%,35.4,132,3.2,11.1
2026-03-07 03:00:00,30.9%,8.21 GB,60.9%,404449,523234,8.5%,7.1%,4.0%,43.4,166,3.6,11.1
2026-03-07 04:00:00,26.6%,12 GB,60.9%,237210,288572,5.6%,7.4%,5.3%,41.0,135,4.3,11.1
2026-03-07 05:00:00,26.7%,8.08 GB,60.9%,192579,231033,7.4%,6.6%,4.6%,37.7,133,2.0,11.2
2026-03-07 06:00:00,30.4%,11.47 GB,60.9%,275662,292608,6.6%,8.9%,3.8%,42.0,152,2.9,11.2
2026-03-07 07:00:00,32.8%,9.58 GB,60.9%,320589,285650,9.9%,8.2%,5.5%,42.4,138,1.8,11.3
2026-03-07 08:00:00,36.5%,8.72 GB,60.9%,1269477,1739248,9.3%,8.3%,5.0%,91.7,164,4.6,11.3
2026-03-07 09:00:00,39.0%,8.75 GB,60.9%,344808,368011,7.9%,8.5%,7.3%,50.9,184,4.2,11.4
2026-03-07 10:00:00,35.5%,10.71 GB,60.9%,390939,385252,11.4%,8.2%,4.0%,48.8,177,4.7,11.4
2026-03-07 11:00:00,39.7%,9.58 GB,60.9%,229924,261415,12.8%,9.9%,6.4%,49.5,189,2.8,11.5
2026-03-07 12:00:00,38.9%,10.05 GB,60.9%,414251,543545,11.6%,10.8%,4.6%,49.4,180,3.2,11.5
2026-03-07 13:00:00,41.4%,11.13 GB,60.9%,459305,420294,15.8%,10.0%,6.5%,50.5,196,2.6,11.5
2026-03-07 14:00:00,31.5%,10.74 GB,60.9%,453224,560502,7.8%,9.3%,4.1%,44.9,174,4.2,11.6
2026-03-07 15:00:00,33.9%,8.29 GB,60.9%,471230,402537,13.5%,8.7%,4.9%,45.3,144,3.2,11.6
2026-03-07 16:00:00,33.0%,12 GB,60.9%,362231,539668,11.3%,7.0%,3.7%,43.0,130,2.1,11.6
2026-03-07 17:00:00,33.9%,9.32 GB,60.9%,403910,522060,8.4%,9.8%,3.6%,46.3,154,3.8,11.7
2026-03-07 18:00:00,25.3%,11.54 GB,60.9%,359019,429897,9.4%,5.7%,4.8%,36.9,145,2.1,11.7
2026-03-07 19:00:00,27.4%,9.72 GB,61.0%,180358,207814,6.5%,7.5%,3.6%,37.9,143,1.6,11.7
2026-03-07 20:00:00,23.0%,9.25 GB,61.0%,230345,299084,6.4%,6.6%,3.1%,34.3,134,1.5,11.8
2026-03-07 21:00:00,21.4%,8.58 GB,61.0%,233173,218060,6.5%,5.1%,3.3%,35.0,143,2.9,11.9
2026-03-07 22:00:00,16.1%,8.62 GB,61.0%,181614,196057,6.3%,4.8%,2.8%,28.3,114,1.3,11.9
2026-03-07 23:00:00,17.6%,9.7 GB,61.0%,125867,105625,6.0%,4.8%,2.6%,32.2,118,3.0,12.0
2026-03-08 00:00:00,20.5%,8.97 GB,61.0%,145398,145449,8.0%,4.3%,2.3%,31.7,139,1.1,12.0
2026-03-08 01:00:00,17.9%,9.27 GB,61.0%,154115,127197,5.4%,4.7%,2.1%,29.6,129,1.1,12.1
2026-03-08 02:00:00,22.1%,10.38 GB,61.0%,135013,130429,7.5%,6.2%,2.5%,36.1,139,3.2,12.1
2026-03-08 03:00:00,23.3%,9.21 GB,61.0%,304190,349525,7.4%,7.0%,3.9%,38.1,135,3.9,12.2
2026-03-08 04:00:00,27.1%,12 GB,61.0%,223273,291110,6.5%,7.2%,5.3%,42.8,136,5.0,12.2
2026-03-08 05:00:00,21.9%,9.13 GB,61.0%,292079,279236,5.0%,5.7%,2.2%,33.9,122,1.8,12.2
2026-03-08 06:00:00,33.1%,8.27 GB,61.0%,1464405,1319769,7.8%,8.7%,3.9%,125.8,177,4.3,12.3
2026-03-08 07:00:00,33.5%,10.66 GB,61.0%,417870,338717,11.0%,8.9%,5.8%,46.5,166,4.0,12.3
2026-03-08 08:00:00,30.6%,11.05 GB,61.0%,191981,238581,7.5%,7.0%,3.7%,42.7,151,3.0,12.4
2026-03-08 09:00:00,43.5%,10.49 GB,61.0%,543300,727619,16.9%,12.0%,8.1%,52.7,148,2.8,12.4
2026-03-08 10:00:00,43.6%,8.74 GB,61.1%,492011,682067,12.2%,10.8%,7.8%,51.9,189,2.2,12.5
2026-03-08 11:00:00,41.2%,10.03 GB,61.1%,343918,279249,9.0%,9.6%,6.9%,48.5,178,1.2,12.5
2026-03-08 12:00:00,39.9%,10.56 GB,61.1%,470606,517848,11.1%,11.0%,7.5%,53.1,158,5.0,12.5
2026-03-08 13:00:00,37.4%,8.71 GB,61.1%,270064,387620,7.9%,9.0%,3.9%,48.8,166,3.4,12.6
2026-03-08 14:00:00,44.1%,11.38 GB,61.1%,382679,463839,11.2%,11.6%,7.3%,51.1,193,1.4,12.6
2026-03-08 15:00:00,40.4%,10.03 GB,61.1%,544302,519179,14.9%,10.4%,8.0%,53.4,161,4.9,12.6
2026-03-08 16:00:00,35.4%,10.12 GB,61.1%,386551,492441,13.4%,8.9%,7.0%,48.1,141,4.0,12.7
2026-03-08 17:00:00,34.8%,10.72 GB,61.1%,402212,542685,7.6%,9.1%,4.8%,45.9,133,2.8,12.7
2026-03-08 18:00:00,29.8%,9.94 GB,61.1%,178601,176921,9.0%,6.5%,4.4%,39.6,130,1.3,12.7
2026-03-08 19:00:00,24.7%,10.62 GB,61.1%,179181,155753,5.3%,5.1%,4.6%,39.4,133,3.8,12.8
2026-03-08 20:00:00,27.8%,11.11 GB,61.1%,388170,426502,9.8%,6.5%,4.5%,64.9,129,1.5,12.8
2026-03-08 21:00:00,27.7%,9.65 GB,61.1%,317955,439899,11.1%,6.9%,5.3%,38.5,143,1.6,12.8
2026-03-08 22:00:00,26.4%,9.12 GB,61.1%,288244,410485,9.6%,6.3%,4.3%,40.3,146,3.5,12.9
2026-03-08 23:00:00,20.2%,9.02 GB,61.1%,194911,196759,6.4%,5.9%,3.5%,33.5,121,2.3,13.0
2026-03-09 00:00:00,19.8%,9.98 GB,61.2%,232676,229398,4.5%,4.0%,3.6%,31.3,125,1.1,13.0
2026-03-09 01:00:00,14.6%,9.67 GB,61.2%,154054,146784,4.8%,3.3%,2.2%,31.9,108,4.2,13.0
2026-03-09 02:00:00,22.4%,9.4 GB,61.2%,185495,182728,7.3%,5.8%,2.9%,34.4,132,1.7,13.1
2026-03-09 03:00:00,23.3%,9.23 GB,61.2%,202115,256042,9.0%,6.9%,4.3%,36.5,135,2.6,13.1
2026-03-09 04:00:00,22.6%,10.43 GB,61.2%,187062,220673,6.4%,5.6%,2.6%,35.6,146,2.4,13.2
2026-03-09 05:00:00,29.2%,11.47 GB,61.2%,245857,281432,6.1%,7.5%,3.7%,40.6,140,2.2,13.2
2026-03-09 06:00:00,25.0%,10.0 GB,61.2%,145510,135630,5.6%,5.7%,3.3%,37.6,142,2.4,13.2
2026-03-09 07:00:00,32.2%,8.98 GB,61.2%,269692,289747,7.7%,7.8%,5.4%,46.0,133,4.1,13.3
2026-03-09 08:00:00,34.4%,10.51 GB,61.2%,248623,259664,7.6%,9.5%,3.9%,48.3,139,4.5,13.3
2026-03-09 09:00:00,41.6%,9.0 GB,61.2%,579192,695838,14.1%,9.4%,7.5%,53.6,188,4.2,13.4
2026-03-09 10:00:00,40.5%,9.62 GB,61.2%,361766,364421,15.4%,11.5%,4.6%,50.1,163,2.4,13.4
2026-03-09 11:00:00,39.3%,10.62 GB,61.2%,418042,552348,15.3%,11.5%,4.6%,47.3,164,1.2,13.5
2026-03-09 12:00:00,38.4%,8.27 GB,61.2%,280638,274096,8.8%,10.8%,5.6%,47.5,191,1.9,13.5
2026-03-09 13:00:00,46.9%,8.87 GB,61.2%,451411,433421,13.6%,10.7%,5.6%,56.5,156,3.2,13.6
2026-03-09 14:00:00,37.6%,10.25 GB,61.2%,1117107,972424,15.0%,8.7%,6.9%,79.9,172,1.9,13.6
2026-03-09 15:00:00,28.8%,11.17 GB,61.2%,334333,477853,10.2%,8.2%,4.5%,42.7,135,3.7,13.6
2026-03-09 16:00:00,36.6%,9.25 GB,61.2%,339576,409888,11.0%,10.2%,5.6%,45.4,159,1.4,13.7
2026-03-09 17:00:00,30.2%,9.79 GB,61.3%,376021,362867,11.8%,7.1%,5.5%,40.3,144,1.4,13.7
2026-03-09 18:00:00,27.5%,8.97 GB,61.3%,195941,167622,8.2%,6.8%,3.6%,37.8,138,1.1,13.8
2026-03-09 19:00:00,25.8%,11.02 GB,61.3%,251244,312077,6.1%,5.8%,5.1%,40.1,121,3.5,13.8
2026-03-09 20:00:00,27.2%,11.41 GB,61.3%,296961,269097,6.2%,6.3%,3.3%,42.2,131,4.2,13.8
2026-03-09 21:00:00,23.4%,9.77 GB,61.3%,161950,175731,7.5%,4.8%,3.6%,34.4,148,1.0,13.9
2026-03-09 22:00:00,18.0%,9.95 GB,61.3%,262870,384432,5.0%,4.8%,2.5%,30.5,112,1.3,13.9
2026-03-09 23:00:00,21.8%,10.81 GB,61.3%,228028,206044,5.3%,5.6%,3.0%,38.4,123,4.5,13.9
2026-03-10 00:00:00,25.3%,8.77 GB,61.3%,132647,146501,7.6%,5.7%,4.6%,38.1,150,2.4,14.0
2026-03-10 01:00:00,21.7%,11.1 GB,61.3%,294160,435177,6.3%,4.8%,4.2%,36.4,130,3.2,14.0
2026-03-10 02:00:00,14.9%,10.65 GB,61.3%,608841,588944,3.8%,3.7%,2.2%,77.5,113,2.0,14.1
2026-03-10 03:00:00,21.9%,11.91 GB,61.3%,184523,155232,6.2%,5.5%,2.4%,34.0,145,1.6,14.1
2026-03-10 04:00:00,26.9%,9.22 GB,61.3%,136508,110459,10.3%,5.5%,2.7%,37.3,140,1.0,14.1
2026-03-10 05:00:00,24.6%,8.36 GB,61.3%,240419,282781,6.3%,6.5%,2.7%,35.5,129,1.1,14.2
2026-03-10 06:00:00,29.2%,10.11 GB,61.3%,206033,270517,6.7%,6.4%,4.3%,40.8,149,2.1,14.2
2026-03-10 07:00:00,29.0%,9.71 GB,61.3%,145637,210281,6.3%,6.6%,2.9%,40.9,162,2.3,14.3
2026-03-10 08:00:00,31.9%,10.94 GB,61.3%,319800,355391,8.3%,7.1%,5.2%,41.4,151,1.0,14.3
2026-03-10 09:00:00,37.9%,9.5 GB,61.3%,520899,515424,9.7%,9.9%,4.7%,51.2,138,4.4,14.3
2026-03-10 10:00:00,36.0%,9.36 GB,61.4%,407132,592486,12.2%,7.7%,6.5%,47.9,155,3.2,14.4
2026-03-10 11:00:00,46.2%,8.81 GB,61.4%,669649,682254,13.0%,10.4%,7.3%,58.3,154,4.7,14.5
2026-03-10 12:00:00,40.4%,10.79 GB,61.4%,326363,466886,15.9%,8.8%,4.4%,53.9,199,4.9,14.5
2026-03-10 13:00:00,42.2%,9.79 GB,61.4%,528541,713711,10.6%,11.0%,7.8%,51.1,201,2.0,14.5
2026-03-10 14:00:00,30.8%,10.18 GB,61.4%,267814,214396,10.6%,6.6%,6.0%,44.4,131,3.6,14.6
2026-03-10 15:00:00,74.8%,9.05 GB,61.4%,468231,589383,26.2%,18.4%,10.7%,78.3,271,2.7,14.6
2026-03-10 16:00:00,37.4%,10.18 GB,61.4%,358484,340364,14.2%,10.2%,5.3%,46.7,187,1.6,14.7
2026-03-10 17:00:00,32.3%,10.83 GB,61.4%,340758,411290,11.9%,8.4%,3.8%,45.2,148,3.3,14.7
2026-03-10 18:00:00,32.7%,11.05 GB,61.4%,216777,311823,8.8%,7.0%,5.2%,46.0,165,3.6,14.7
2026-03-10 19:00:00,26.5%,10.58 GB,61.4%,265267,285710,7.8%,6.3%,3.5%,39.6,130,2.7,14.7
2026-03-10 20:00:00,25.4%,8.53 GB,61.4%,284108,337028,8.9%,7.2%,2.8%,38.1,131,2.2,14.8
2026-03-10 21:00:00,23.6%,10.95 GB,61.4%,140766,129294,9.4%,6.3%,3.5%,37.9,150,3.0,14.8
2026-03-10 22:00:00,19.6%,9.8 GB,61.4%,1393815,1603063,7.1%,5.6%,2.0%,77.1,136,3.1,14.9
2026-03-10 23:00:00,18.4%,10.27 GB,61.4%,210717,264618,5.4%,4.8%,2.3%,31.7,124,1.7,14.9
2026-03-11 00:00:00,20.2%,10.25 GB,61.4%,116496,170240,7.7%,5.3%,3.0%,35.8,114,3.5,14.9
2026-03-11 01:00:00,19.6%,10.24 GB,61.4%,174739,231343,7.4%,5.4%,2.5%,33.5,129,2.2,15.0
2026-03-11 02:00:00,16.0%,10.19 GB,61.5%,128409,165452,5.7%,3.5%,3.0%,34.4,113,4.7,15.0
2026-03-11 03:00:00,22.4%,10.14 GB,61.5%,320168,266223,7.3%,6.7%,3.8%,37.3,127,3.2,15.0
2026-03-11 04:00:00,29.3%,10.11 GB,61.5%,430714,368627,7.3%,7.2%,4.7%,41.7,151,2.5,15.1
2026-03-11 05:00:00,28.8%,10.08 GB,61.5%,167443,156368,8.3%,7.8%,3.0%,39.5,157,1.3,15.1
2026-03-11 06:00:00,32.0%,10.04 GB,61.5%,459850,378412,12.1%,8.1%,5.3%,42.7,132,1.7,15.2
2026-03-11 07:00:00,32.3%,9.99 GB,61.5%,419184,503680,10.3%,7.7%,3.5%,45.3,164,3.3,15.2
2026-03-11 08:00:00,27.8%,9.94 GB,61.5%,410026,580554,9.5%,6.0%,3.0%,40.5,128,2.5,15.2
2026-03-11 09:00:00,39.4%,9.9 GB,61.5%,1251405,1632250,12.2%,10.3%,7.6%,77.0,141,3.0,15.3
2026-03-11 10:00:00,41.5%,9.87 GB,61.5%,341313,436626,14.7%,8.5%,5.4%,53.4,172,3.7,15.3
2026-03-11 11:00:00,39.0%,9.84 GB,61.5%,551985,489555,9.8%,10.0%,6.1%,52.3,167,4.3,15.4
2026-03-11 12:00:00,38.0%,9.82 GB,61.5%,450037,618161,10.4%,10.1%,6.7%,50.0,146,3.3,15.4
2026-03-11 13:00:00,46.5%,9.78 GB,61.5%,560122,588664,17.3%,12.9%,9.0%,57.1,217,3.5,15.4
2026-03-11 14:00:00,36.3%,9.73 GB,61.5%,515478,687584,13.6%,7.5%,4.4%,47.7,185,2.7,15.5
2026-03-11 15:00:00,33.9%,9.7 GB,61.5%,213230,178519,12.6%,7.1%,5.4%,44.8,171,2.0,15.5
2026-03-11 16:00:00,32.8%,9.68 GB,61.5%,173552,232506,12.4%,9.2%,6.1%,46.2,131,3.5,15.6
2026-03-11 17:00:00,31.7%,9.66 GB,61.5%,177963,166376,11.2%,9.4%,3.4%,44.9,161,3.2,15.6
2026-03-11 18:00:00,27.5%,9.65 GB,61.5%,272706,218495,7.7%,7.0%,4.9%,43.7,125,4.7,15.7
2026-03-11 19:00:00,31.1%,9.63 GB,61.5%,356919,403388,7.8%,6.2%,4.0%,41.4,144,1.2,15.7
2026-03-11 20:00:00,30.1%,9.62 GB,61.6%,205686,175299,6.8%,8.2%,3.9%,45.0,160,4.1,15.8
2026-03-11 21:00:00,24.9%,9.6 GB,61.6%,350358,344200,5.5%,5.9%,3.2%,38.9,141,2.8,15.8
2026-03-11 22:00:00,17.5%,9.56 GB,61.6%,188389,151064,5.1%,5.2%,2.1%,31.0,118,1.5,15.9
2026-03-11 23:00:00,22.7%,9.54 GB,61.6%,236736,212586,6.1%,5.5%,3.0%,38.3,117,3.6,15.9
2026-03-12 00:00:00,19.1%,9.51 GB,61.6%,267981,346631,5.3%,5.7%,2.3%,34.0,129,2.6,16.0
2026-03-12 01:00:00,18.8%,9.47 GB,61.6%,235281,322605,6.8%,4.4%,3.3%,34.1,116,2.8,16.0
2026-03-12 02:00:00,23.9%,9.44 GB,61.6%,249977,339546,6.0%,6.0%,4.2%,36.9,117,1.9,16.1
2026-03-12 03:00:00,20.4%,9.41 GB,61.6%,269462,320452,8.1%,5.1%,2.4%,33.0,134,1.2,16.1
2026-03-12 04:00:00,21.8%,9.4 GB,61.6%,116577,167514,4.9%,6.1%,3.6%,39.7,129,4.9,16.2
2026-03-12 05:00:00,23.1%,9.37 GB,61.6%,133405,181572,5.3%,5.6%,3.7%,38.9,123,3.7,16.2
2026-03-12 06:00:00,31.2%,9.33 GB,61.6%,196780,281046,10.9%,8.0%,5.5%,42.0,167,1.4,16.3
2026-03-12 07:00:00,36.9%,9.31 GB,61.6%,527907,732491,10.8%,10.8%,4.2%,48.8,153,3.0,16.3
2026-03-12 08:00:00,38.4%,9.27 GB,61.6%,356457,349800,13.7%,9.8%,4.3%,48.7,167,2.0,16.4
2026-03-12 09:00:00,73.0%,9.23 GB,61.6%,780335,941261,27.2%,18.1%,7.7%,75.3,223,1.3,16.4
2026-03-12 10:00:00,33.8%,9.2 GB,61.6%,974163,1360689,8.8%,9.5%,4.6%,133.2,143,4.0,16.5
2026-03-12 11:00:00,34.7%,9.19 GB,61.7%,232603,196271,11.0%,9.8%,4.7%,48.5,182,3.8,16.6
2026-03-12 12:00:00,43.7%,9.17 GB,61.7%,636359,644869,13.4%,9.8%,6.6%,51.7,173,1.2,16.6
2026-03-12 13:00:00,38.8%,9.15 GB,61.7%,389837,476439,13.1%,10.9%,4.1%,51.4,138,3.6,16.7
2026-03-12 14:00:00,39.3%,9.12 GB,61.7%,283967,322176,8.7%,11.3%,6.6%,48.7,148,1.5,16.7
2026-03-12 15:00:00,35.7%,9.1 GB,61.7%,399793,357916,7.3%,9.8%,6.9%,47.7,185,2.8,16.8
2026-03-12 16:00:00,32.3%,9.08 GB,61.7%,401332,431079,12.6%,6.8%,3.8%,46.7,169,3.9,16.8
2026-03-12 17:00:00,30.9%,9.07 GB,61.7%,219005,209867,9.9%,8.1%,4.4%,43.4,135,2.4,16.9
2026-03-12 18:00:00,27.4%,9.03 GB,61.7%,278824,268428,9.2%,6.5%,3.6%,38.9,135,1.3,17.0
2026-03-12 19:00:00,24.9%,9.0 GB,61.7%,363313,359037,6.2%,7.3%,4.4%,37.8,120,1.8,17.0
2026-03-12 20:00:00,20.1%,8.98 GB,61.7%,212336,211521,7.1%,4.9%,2.5%,35.2,110,2.7,17.1
2026-03-12 21:00:00,22.6%,8.96 GB,61.7%,310737,456700,7.7%,6.0%,2.3%,40.5,139,4.8,17.1
2026-03-12 22:00:00,23.2%,8.92 GB,61.7%,191277,217512,7.7%,5.4%,4.4%,37.5,114,2.5,17.2
2026-03-12 23:00:00,22.3%,8.88 GB,61.7%,175086,182740,8.4%,4.6%,4.1%,38.6,132,3.8,17.3
2026-03-13 00:00:00,20.5%,8.86 GB,61.7%,287737,311019,7.3%,5.4%,2.4%,36.9,136,3.5,17.3
2026-03-13 01:00:00,42.8%,8.82 GB,61.7%,328305,445304,13.6%,10.4%,4.7%,52.0,181,1.7,17.4
2026-03-13 02:00:00,22.1%,8.8 GB,61.7%,184483,223115,4.8%,6.3%,3.0%,34.8,128,1.3,17.5
2026-03-13 03:00:00,19.0%,8.75 GB,61.8%,102523,110040,7.1%,4.7%,2.1%,32.5,113,1.4,17.5
2026-03-13 04:00:00,24.7%,8.72 GB,61.8%,192052,204262,7.5%,5.3%,4.4%,38.7,139,2.5,17.6
2026-03-13 05:00:00,31.9%,8.69 GB,61.8%,850380,826824,7.8%,9.0%,3.4%,99.2,150,2.0,17.7
2026-03-13 06:00:00,26.0%,8.66 GB,61.8%,289464,257499,7.4%,6.8%,4.4%,39.2,153,2.1,17.7
2026-03-13 07:00:00,32.8%,8.64 GB,61.8%,250345,341458,7.1%,8.1%,4.9%,48.9,137,4.9,17.8
2026-03-13 08:00:00,31.9%,8.62 GB,61.8%,346260,464192,12.2%,6.7%,3.9%,45.4,169,3.0,17.9
2026-03-13 09:00:00,31.1%,8.6 GB,61.8%,321719,358975,7.6%,8.4%,5.6%,42.4,127,1.4,17.9
2026-03-13 10:00:00,40.0%,8.57 GB,61.8%,557636,638235,13.1%,9.4%,7.0%,53.4,182,4.0,18.0
2026-03-13 11:00:00,37.0%,8.52 GB,61.8%,529007,740415,8.3%,11.1%,7.3%,47.5,149,1.6,18.1
2026-03-13 12:00:00,35.3%,8.51 GB,61.8%,362565,506365,10.2%,9.5%,5.5%,47.1,185,2.3,18.1
2026-03-13 13:00:00,38.8%,8.46 GB,61.8%,195293,263464,10.7%,10.6%,6.5%,53.6,166,4.7,18.2
2026-03-13 14:00:00,34.2%,8.44 GB,61.8%,262864,294096,9.5%,9.4%,3.9%,47.6,161,3.2,18.3
2026-03-13 15:00:00,30.7%,8.42 GB,61.8%,414707,563090,7.4%,7.1%,3.6%,45.1,158,3.3,18.3
2026-03-13 16:00:00,31.7%,8.41 GB,61.8%,208145,289759,12.0%,8.0%,3.5%,43.2,148,1.6,18.4
2026-03-13 17:00:00,30.3%,8.36 GB,61.8%,320309,358072,12.1%,8.5%,5.2%,43.5,137,2.5,18.5
2026-03-13 18:00:00,28.6%,8.33 GB,61.8%,205692,253141,6.7%,7.2%,3.6%,42.2,132,2.5,18.6
2026-03-13 19:00:00,30.8%,8.3 GB,61.8%,334393,365247,8.8%,6.6%,3.2%,46.0,150,3.9,18.6
2026-03-13 20:00:00,23.7%,8.27 GB,61.9%,259163,361641,6.3%,6.6%,2.5%,40.7,120,4.1,18.7
2026-03-13 21:00:00,21.1%,8.25 GB,61.9%,272662,398985,4.5%,5.7%,3.2%,38.1,124,3.7,18.8
2026-03-13 22:00:00,20.7%,8.23 GB,61.9%,109234,149118,6.1%,4.4%,3.6%,34.6,122,1.6,18.9
2026-03-13 23:00:00,20.4%,8.19 GB,61.9%,236844,275032,6.3%,4.2%,2.4%,38.8,119,4.5,18.9
2026-03-14 00:00:00,19.8%,8.15 GB,61.9%,214170,312413,6.3%,5.0%,3.1%,38.8,118,4.8,19.0
2026-03-14 01:00:00,18.7%,8.12 GB,61.9%,190388,238742,6.1%,3.9%,3.0%,32.7,134,1.3,19.1
2026-03-14 02:00:00,21.2%,8.07 GB,61.9%,298831,357915,7.1%,6.2%,2.2%,39.9,139,4.8,19.2
2026-03-14 03:00:00,23.5%,8.03 GB,61.9%,207295,303927,6.3%,5.8%,4.6%,41.7,121,4.8,19.3
2026-03-14 04:00:00,23.7%,8.0 GB,61.9%,227021,302706,6.5%,5.4%,3.8%,37.8,141,2.1,19.3
2026-03-14 05:00:00,32.3%,7.98 GB,61.9%,166932,176044,8.3%,8.9%,4.7%,48.1,132,4.3,19.4
2026-03-14 06:00:00,32.3%,7.95 GB,61.9%,244529,220451,10.0%,7.1%,4.7%,46.4,167,3.1,19.5
2026-03-14 07:00:00,30.6%,7.94 GB,61.9%,416981,344558,8.0%,7.5%,4.8%,47.1,129,4.5,19.6
2026-03-14 08:00:00,32.7%,7.89 GB,61.9%,317094,332102,11.1%,9.4%,6.3%,47.2,135,3.4,19.7
2026-03-14 09:00:00,35.7%,7.85 GB,61.9%,507374,584284,11.3%,10.3%,4.8%,51.6,150,4.7,19.7
2026-03-14 10:00:00,37.7%,7.82 GB,61.9%,404712,404233,14.0%,11.0%,4.0%,51.9,144,3.9,19.8
2026-03-14 11:00:00,41.9%,7.81 GB,61.9%,526872,551696,10.5%,9.5%,7.3%,52.3,166,1.9,19.9
2026-03-14 12:00:00,38.6%,7.79 GB,61.9%,242297,206514,13.6%,7.7%,6.6%,54.3,148,5.0,20.0
2026-03-14 13:00:00,43.9%,7.76 GB,61.9%,552414,682291,12.2%,9.1%,8.4%,55.4,177,2.8,20.1
2026-03-14 14:00:00,34.4%,7.74 GB,62.0%,489808,474336,10.6%,8.0%,4.6%,49.6,144,4.1,20.2
2026-03-14 15:00:00,37.7%,7.7 GB,62.0%,233065,329220,14.2%,9.9%,5.8%,48.7,168,1.6,20.2
2026-03-14 16:00:00,35.9%,7.68 GB,62.0%,443968,478964,9.6%,7.4%,4.6%,49.5,173,3.1,20.3
2026-03-14 17:00:00,31.2%,7.64 GB,62.0%,173617,161325,7.1%,7.6%,5.0%,45.0,127,2.6,20.4
2026-03-14 18:00:00,26.0%,7.6 GB,62.0%,297356,354232,7.7%,6.6%,3.0%,43.1,135,4.1,20.5
2026-03-14 19:00:00,29.8%,7.58 GB,62.0%,343808,309917,7.9%,8.7%,5.8%,42.2,143,1.5,20.6
2026-03-14 20:00:00,25.3%,7.55 GB,62.0%,313823,318355,7.2%,6.6%,2.6%,43.5,146,4.7,20.7
2026-03-14 21:00:00,25.7%,7.53 GB,62.0%,354020,288102,8.4%,6.3%,3.4%,42.0,129,3.4,20.8
2026-03-14 22:00:00,21.3%,7.48 GB,62.0%,201674,277090,7.3%,5.5%,2.7%,38.7,137,3.6,20.9
2026-03-14 23:00:00,24.3%,7.46 GB,62.0%,309102,438350,7.5%,6.8%,3.9%,39.8,141,2.7,21.0
2026-03-15 00:00:00,16.3%,7.41 GB,62.0%,151883,167694,4.3%,3.7%,3.1%,33.7,112,2.9,21.1
2026-03-15 01:00:00,21.4%,7.37 GB,62.0%,108068,111504,8.1%,5.7%,2.3%,38.6,141,3.4,21.1
2026-03-15 02:00:00,20.7%,7.36 GB,62.0%,287673,234036,6.0%,5.7%,3.3%,39.4,119,4.3,21.2
2026-03-15 03:00:00,20.5%,7.31 GB,62.0%,107295,108496,6.6%,4.9%,2.4%,39.4,123,4.4,21.3
2026-03-15 04:00:00,22.8%,7.3 GB,62.0%,193954,210676,8.4%,6.1%,2.5%,40.1,136,3.6,21.4
2026-03-15 05:00:00,16.8%,7.26 GB,62.0%,94217,82511,5.3%,5.0%,1.9%,33.6,112,2.5,21.5
2026-03-15 06:00:00,28.2%,7.22 GB,62.0%,328494,395913,8.3%,5.8%,3.0%,44.2,126,3.4,21.6
2026-03-15 07:00:00,31.4%,7.2 GB,62.1%,364934,301243,8.0%,8.1%,5.7%,47.8,130,4.1,21.7
2026-03-15 08:00:00,31.8%,7.17 GB,62.1%,160761,223368,9.9%,6.6%,3.3%,47.5,173,3.7,21.8
2026-03-15 09:00:00,38.6%,7.15 GB,62.1%,562130,738065,11.0%,9.9%,6.3%,54.1,152,4.4,21.9
2026-03-15 10:00:00,33.4%,7.13 GB,62.1%,176711,183138,12.0%,9.4%,4.3%,47.7,157,3.0,22.0
2026-03-15 11:00:00,43.2%,7.1 GB,62.1%,396942,342907,14.4%,11.6%,4.8%,56.3,149,3.4,22.1
2026-03-15 12:00:00,42.1%,7.07 GB,62.1%,240664,327579,10.1%,9.4%,7.9%,53.5,181,2.1,22.2
2026-03-15 13:00:00,38.8%,7.02 GB,62.1%,503018,548738,8.9%,10.4%,4.4%,52.7,161,3.3,22.3
2026-03-15 14:00:00,36.9%,6.98 GB,62.1%,529046,702019,8.1%,10.4%,6.6%,51.0,157,3.1,22.4
2026-03-15 15:00:00,31.8%,6.96 GB,62.1%,740664,630644,11.3%,8.4%,5.5%,76.8,158,4.4,22.5
2026-03-15 16:00:00,34.0%,6.93 GB,62.1%,318394,373065,13.0%,6.9%,4.9%,47.9,157,2.6,22.6
2026-03-15 17:00:00,30.1%,6.89 GB,62.1%,287338,276903,8.7%,8.9%,4.2%,44.0,154,2.0,22.7
2026-03-15 18:00:00,23.5%,6.86 GB,62.1%,701300,903000,8.1%,5.3%,4.2%,72.9,128,2.7,22.8
2026-03-15 19:00:00,28.6%,6.82 GB,62.1%,244934,338511,8.7%,7.4%,3.8%,46.9,150,4.8,22.9
2026-03-15 20:00:00,27.2%,6.8 GB,62.1%,242104,249303,7.0%,5.8%,2.9%,41.7,130,2.0,23.0
2026-03-15 21:00:00,28.1%,6.75 GB,62.1%,271413,245235,9.5%,7.1%,2.9%,41.2,140,1.2,23.1
2026-03-15 22:00:00,18.1%,6.7 GB,62.1%,142290,193319,3.9%,4.4%,3.1%,38.3,123,4.6,23.2
2026-03-15 23:00:00,15.5%,6.66 GB,62.1%,103343,96193,4.8%,3.5%,2.0%,36.3,113,4.6,23.3
2026-03-16 00:00:00,90.7%,0.65 GB,62.2%,7554050,6451222,54.2%,21.1%,16.1%,515.7,426,13.4,37.4
2026-03-16 01:00:00,94.0%,0.91 GB,62.2%,8189580,7513601,40.8%,24.1%,11.2%,390.5,307,23.2,50.0
2026-03-16 02:00:00,92.0%,0.72 GB,62.2%,7184020,8203704,41.9%,22.6%,16.8%,650.7,427,22.1,60.4
2026-03-16 03:00:00,92.0%,0.87 GB,62.2%,8171630,11215687,28.4%,24.1%,12.7%,484.3,421,18.1,70.8
2026-03-16 04:00:00,99.4%,1.14 GB,62.2%,13138310,19301836,51.1%,22.8%,10.3%,637.4,352,15.9,78.4
2026-03-16 05:00:00,91.6%,0.52 GB,62.2%,5805660,8681655,48.1%,21.0%,15.3%,435.0,302,23.0,90.9
2026-03-16 06:00:00,95.8%,0.72 GB,62.2%,8826480,8440838,43.6%,23.6%,12.6%,516.3,399,25.5,100
2026-03-16 07:00:00,91.5%,1.38 GB,62.2%,13814640,15502644,45.2%,18.7%,10.3%,984.2,403,18.9,100
2026-03-16 08:00:00,90.1%,1.09 GB,62.2%,10124850,8839355,49.3%,20.1%,14.2%,645.6,371,26.6,100
2026-03-16 09:00:00,99.4%,0.7 GB,62.2%,13052360,16866751,40.7%,21.9%,14.1%,299.7,281,14.9,100
2026-03-16 10:00:00,98.7%,0.95 GB,62.2%,9070920,12072822,51.8%,20.0%,12.3%,687.5,370,14.4,100
2026-03-16 11:00:00,39.2%,11.54 GB,62.2%,484098,416196,14.2%,8.2%,6.5%,73.2,184,1.2,100
2026-03-16 12:00:00,34.8%,9.69 GB,62.2%,237325,336062,13.5%,9.8%,4.4%,72.4,160,3.1,100
2026-03-16 13:00:00,40.1%,10.87 GB,62.2%,878516,861718,13.5%,9.9%,4.6%,225.4,189,2.1,100
2026-03-16 14:00:00,36.0%,11.25 GB,62.2%,538464,804712,9.0%,10.6%,4.7%,73.9,161,3.4,100
2026-03-16 15:00:00,36.0%,8.92 GB,62.2%,231349,252316,13.0%,10.6%,4.5%,72.2,152,2.3,100
2026-03-16 16:00:00,35.9%,9.9 GB,62.2%,343756,413824,13.9%,8.1%,6.7%,74.8,171,4.1,100
2026-03-16 17:00:00,31.7%,11.63 GB,62.2%,365860,385262,8.7%,9.4%,5.9%,68.1,167,1.8,100
2026-03-16 18:00:00,24.2%,9.47 GB,62.3%,257160,291642,8.8%,6.4%,4.2%,61.4,149,1.3,100
2026-03-16 19:00:00,23.1%,11.16 GB,62.3%,306960,253533,8.3%,6.6%,4.4%,62.3,129,2.6,100
2026-03-16 20:00:00,28.2%,9.95 GB,62.3%,164044,159060,5.8%,6.0%,4.3%,65.4,149,1.9,100
2026-03-16 21:00:00,27.2%,9.83 GB,62.3%,373859,371400,10.3%,6.4%,5.3%,63.6,152,1.2,100
2026-03-16 22:00:00,20.7%,9.7 GB,62.3%,227998,311285,5.0%,6.1%,2.4%,61.4,141,3.3,100
2026-03-16 23:00:00,22.7%,11.2 GB,62.3%,297431,393206,8.6%,4.6%,3.7%,63.1,145,3.3,100
2026-03-17 00:00:00,22.4%,10.63 GB,62.3%,198445,260031,7.8%,4.9%,4.1%,62.0,139,2.7,100
2026-03-17 01:00:00,23.8%,8.51 GB,62.3%,238594,207676,7.0%,5.7%,4.7%,62.8,133,2.5,100
2026-03-17 02:00:00,19.1%,10.6 GB,62.3%,110205,158510,4.9%,5.3%,2.2%,57.7,119,1.6,100
2026-03-17 03:00:00,25.1%,11.82 GB,62.3%,190702,188337,6.4%,7.4%,2.9%,66.3,134,4.2,100
2026-03-17 04:00:00,23.5%,9.56 GB,62.3%,345614,482202,6.3%,6.8%,4.5%,64.4,147,3.7,100
2026-03-17 05:00:00,51.6%,8.04 GB,62.3%,457449,438733,11.8%,10.8%,9.5%,84.1,184,1.9,100
2026-03-17 06:00:00,26.5%,9.84 GB,62.3%,148551,213481,6.1%,6.4%,3.3%,63.9,120,1.8,100
2026-03-17 07:00:00,35.5%,10.99 GB,62.3%,463156,565711,12.5%,8.1%,4.4%,75.9,155,5.0,100
2026-03-17 08:00:00,35.6%,8.91 GB,62.3%,518643,729192,9.4%,8.1%,3.7%,72.7,143,2.8,100
2026-03-17 09:00:00,37.4%,10.41 GB,62.3%,334128,282024,13.6%,8.4%,6.0%,77.3,138,5.0,100
2026-03-17 10:00:00,39.5%,8.94 GB,62.3%,341545,475125,12.5%,8.2%,4.3%,74.4,155,1.9,100
2026-03-17 11:00:00,38.2%,10.61 GB,62.4%,399150,403048,14.2%,7.7%,5.1%,73.6,150,2.0,100
2026-03-17 12:00:00,38.3%,9.76 GB,62.4%,393811,538988,10.4%,11.0%,6.5%,72.2,179,1.1,100
2026-03-17 13:00:00,37.7%,8.34 GB,62.4%,467369,617692,8.7%,9.9%,7.3%,77.2,165,4.7,100
2026-03-17 14:00:00,36.4%,9.48 GB,62.4%,226828,334226,11.2%,10.7%,5.1%,76.2,166,4.7,100
2026-03-17 15:00:00,37.7%,9.48 GB,62.4%,340147,452318,11.7%,9.2%,5.1%,75.4,145,3.5,100
2026-03-17 16:00:00,37.3%,11.81 GB,62.4%,387608,367329,11.1%,8.8%,4.1%,76.0,189,4.1,100
2026-03-17 17:00:00,31.1%,10.22 GB,62.4%,321964,298068,9.4%,8.9%,4.2%,72.2,148,4.8,100
2026-03-17 18:00:00,56.5%,9.99 GB,62.4%,612628,560402,14.6%,13.2%,10.8%,92.4,245,4.8,100
2026-03-17 19:00:00,25.9%,8.38 GB,62.4%,306454,342621,7.8%,6.3%,4.4%,62.2,138,1.0,100
2026-03-17 20:00:00,28.3%,12 GB,62.4%,333427,408406,10.5%,7.9%,4.5%,68.5,133,3.9,100
2026-03-17 21:00:00,28.3%,9.91 GB,62.4%,294973,243195,9.8%,7.7%,4.0%,68.4,164,3.9,100
2026-03-17 22:00:00,20.0%,9.76 GB,62.4%,137053,118265,5.4%,4.1%,2.4%,59.5,134,2.3,100
2026-03-17 23:00:00,22.6%,10.27 GB,62.4%,165312,147443,5.2%,5.8%,2.8%,61.6,124,2.4,100
2026-03-18 00:00:00,20.9%,11.34 GB,62.4%,129220,152480,6.1%,6.2%,3.3%,59.0,116,1.5,100
2026-03-18 01:00:00,14.5%,10.34 GB,62.4%,172087,250550,4.6%,3.1%,2.4%,54.2,109,1.7,100
2026-03-18 02:00:00,20.7%,9.87 GB,62.4%,422104,532451,8.1%,5.8%,3.9%,117.8,124,1.7,100
2026-03-18 03:00:00,27.2%,12 GB,62.4%,354569,333836,6.8%,5.9%,4.2%,66.1,160,2.9,100
2026-03-18 04:00:00,22.0%,9.72 GB,62.4%,119390,118078,8.3%,4.6%,2.7%,62.3,117,3.1,100
2026-03-18 05:00:00,29.0%,9.92 GB,62.5%,271783,394689,10.8%,6.1%,5.5%,67.7,163,3.0,100
2026-03-18 06:00:00,34.2%,9.86 GB,62.5%,187598,201375,13.4%,9.0%,6.1%,73.4,159,4.0,100
2026-03-18 07:00:00,32.7%,10.09 GB,62.5%,483822,679735,11.8%,9.4%,5.5%,67.9,153,1.2,100
2026-03-18 08:00:00,25.8%,10.32 GB,62.5%,289360,236443,7.0%,5.9%,3.2%,171.9,122,1.1,100
2026-03-18 09:00:00,42.0%,8.9 GB,62.5%,449809,496031,16.6%,12.0%,5.2%,79.8,173,4.1,100
2026-03-18 10:00:00,41.6%,11.14 GB,62.5%,483319,421222,14.7%,11.5%,7.7%,76.0,197,1.8,100
2026-03-18 11:00:00,43.0%,9.89 GB,62.5%,275391,340365,8.7%,12.6%,6.9%,75.9,175,1.0,100
2026-03-18 12:00:00,40.4%,10.18 GB,62.5%,601836,839211,9.3%,8.5%,8.0%,78.1,180,3.8,100
2026-03-18 13:00:00,38.4%,10.81 GB,62.5%,219727,292492,9.7%,10.3%,4.0%,74.7,157,2.6,100
2026-03-18 14:00:00,34.8%,9.78 GB,62.5%,356994,441131,7.4%,10.2%,4.7%,70.3,177,1.7,100
2026-03-18 15:00:00,37.8%,11.32 GB,62.5%,452477,490422,11.2%,11.1%,7.2%,75.7,186,3.6,100
2026-03-18 16:00:00,37.2%,9.44 GB,62.5%,348167,361957,9.2%,8.1%,5.2%,73.6,174,2.6,100
2026-03-18 17:00:00,36.9%,9.45 GB,62.5%,398708,360383,7.9%,11.0%,7.2%,72.4,172,1.9,100
2026-03-18 18:00:00,29.4%,10.27 GB,62.5%,217987,290149,8.8%,7.2%,3.9%,65.4,156,1.3,100
2026-03-18 19:00:00,31.5%,10.0 GB,62.5%,184874,160189,12.2%,8.9%,6.1%,70.1,140,3.3,100
2026-03-18 20:00:00,21.5%,9.48 GB,62.5%,127102,142594,4.3%,5.5%,3.6%,59.0,115,1.2,100
2026-03-18 21:00:00,19.8%,10.49 GB,62.6%,271350,227252,6.9%,5.4%,3.0%,61.5,138,3.8,100
2026-03-18 22:00:00,21.8%,9.79 GB,62.6%,304068,275219,5.5%,5.0%,3.8%,62.3,131,3.2,100
2026-03-18 23:00:00,15.4%,10.35 GB,62.6%,209716,283805,3.8%,3.7%,1.7%,56.5,118,2.8,100
2026-03-19 00:00:00,20.6%,11.12 GB,62.6%,267419,255974,7.7%,4.3%,3.3%,61.2,113,3.1,100
2026-03-19 01:00:00,23.2%,9.84 GB,62.6%,208640,289111,6.8%,6.6%,4.1%,62.2,148,2.5,100
2026-03-19 02:00:00,24.4%,8.52 GB,62.6%,324426,360766,8.4%,6.1%,2.6%,64.8,140,3.5,100
2026-03-19 03:00:00,20.2%,8.63 GB,62.6%,247073,306762,5.9%,5.0%,2.8%,62.5,119,4.2,100
2026-03-19 04:00:00,21.9%,9.59 GB,62.6%,158114,206161,7.2%,5.9%,3.9%,63.0,136,3.7,100
2026-03-19 05:00:00,27.9%,10.06 GB,62.6%,281254,343839,10.3%,7.3%,4.5%,64.2,141,1.2,100
2026-03-19 06:00:00,28.2%,10.35 GB,62.6%,374528,523347,10.6%,6.7%,3.8%,64.7,139,1.4,100
2026-03-19 07:00:00,33.0%,10.02 GB,62.6%,197075,284785,11.1%,8.6%,3.5%,72.2,143,3.9,100
2026-03-19 08:00:00,35.0%,10.91 GB,62.6%,409715,439740,7.3%,10.1%,4.6%,70.7,182,1.8,100
2026-03-19 09:00:00,32.8%,10.59 GB,62.6%,308560,450075,9.8%,6.6%,6.5%,70.7,146,3.0,100
2026-03-19 10:00:00,37.5%,9.89 GB,62.6%,560348,650466,11.2%,10.3%,5.7%,72.9,160,1.9,100
2026-03-19 11:00:00,37.3%,8.98 GB,62.6%,423561,604449,12.7%,9.9%,4.9%,75.2,136,3.6,100
2026-03-19 12:00:00,44.4%,10.1 GB,62.6%,279863,242249,12.7%,10.7%,5.0%,79.1,151,2.4,100
2026-03-19 13:00:00,42.5%,9.25 GB,62.7%,515558,739977,12.2%,10.9%,4.7%,77.6,196,2.4,100
2026-03-19 14:00:00,38.9%,10.45 GB,62.7%,453258,496566,11.6%,10.3%,7.3%,73.1,180,1.3,100
2026-03-19 15:00:00,35.8%,10.31 GB,62.7%,286431,427222,12.4%,9.0%,6.5%,75.6,174,4.7,100
2026-03-19 16:00:00,33.0%,9.34 GB,62.7%,231223,208893,12.3%,8.7%,4.7%,69.1,146,1.8,100
2026-03-19 17:00:00,29.4%,9.2 GB,62.7%,162702,149287,10.7%,8.6%,3.4%,70.0,133,4.3,100
2026-03-19 18:00:00,28.4%,8.14 GB,62.7%,411086,537700,7.8%,6.3%,2.9%,66.9,145,2.8,100
2026-03-19 19:00:00,30.4%,9.93 GB,62.7%,254082,279606,7.0%,7.1%,4.6%,69.2,166,3.3,100
2026-03-19 20:00:00,23.7%,11.39 GB,62.7%,205168,222735,5.6%,5.2%,3.9%,61.0,147,1.4,100
2026-03-19 21:00:00,18.7%,10.7 GB,62.7%,159969,139391,7.3%,4.6%,2.9%,61.7,130,4.5,100
2026-03-19 22:00:00,21.3%,10.03 GB,62.7%,111121,89295,8.3%,4.4%,4.2%,62.6,115,3.7,100
2026-03-19 23:00:00,19.2%,9.04 GB,62.7%,237055,194589,7.5%,4.7%,2.2%,59.2,121,2.6,100
2026-03-20 00:00:00,24.9%,12 GB,62.7%,184538,171682,5.7%,6.1%,4.5%,64.8,140,3.3,100
2026-03-20 01:00:00,16.5%,9.52 GB,62.7%,92643,131860,5.7%,3.3%,3.0%,55.9,115,1.8,100
2026-03-20 02:00:00,19.5%,10.86 GB,62.7%,239510,203857,7.0%,4.0%,3.0%,58.1,124,1.7,100
2026-03-20 03:00:00,23.3%,11.35 GB,62.7%,292443,399489,8.6%,7.0%,4.1%,64.1,136,3.7,100
2026-03-20 04:00:00,20.9%,10.09 GB,62.7%,313880,273751,7.5%,4.3%,2.5%,63.9,123,4.8,100
2026-03-20 05:00:00,25.9%,10.24 GB,62.7%,196105,263612,9.4%,5.8%,5.1%,63.3,137,1.7,100
2026-03-20 06:00:00,27.9%,9.8 GB,62.7%,378888,469888,6.3%,6.2%,3.3%,64.9,131,1.7,100
2026-03-20 07:00:00,66.1%,10.61 GB,62.8%,935294,1284587,18.5%,16.8%,8.2%,94.8,224,1.3,100
2026-03-20 08:00:00,33.2%,9.19 GB,62.8%,383668,373368,9.2%,9.2%,3.9%,71.2,137,3.1,100
2026-03-20 09:00:00,33.8%,9.6 GB,62.8%,368974,541581,10.9%,7.5%,6.1%,71.0,159,2.7,100
2026-03-20 10:00:00,41.7%,11.88 GB,62.8%,375728,498088,13.0%,8.9%,7.4%,76.8,163,2.3,100
2026-03-20 11:00:00,35.7%,9.93 GB,62.8%,213426,239496,9.9%,9.5%,4.2%,71.4,145,1.9,100
2026-03-20 12:00:00,40.7%,9.48 GB,62.8%,211853,244234,9.6%,10.1%,7.0%,75.4,174,1.9,100
2026-03-20 13:00:00,36.9%,10.1 GB,62.8%,520670,493397,13.4%,8.5%,6.5%,71.4,153,1.3,100
2026-03-20 14:00:00,36.6%,8.79 GB,62.8%,362104,329779,12.3%,9.4%,4.8%,72.3,169,2.0,100
2026-03-20 15:00:00,35.0%,10.78 GB,62.8%,407324,349411,10.7%,9.1%,5.8%,70.0,139,1.3,100
2026-03-20 16:00:00,37.9%,10.35 GB,62.8%,241216,294071,9.8%,8.0%,6.5%,75.2,166,3.2,100
2026-03-20 17:00:00,32.7%,9.28 GB,62.8%,526862,518880,9.5%,7.8%,3.9%,196.9,166,3.7,100
2026-03-20 18:00:00,31.5%,9.36 GB,62.8%,424285,379710,7.4%,8.7%,6.1%,70.1,158,3.3,100
2026-03-20 19:00:00,30.7%,9.67 GB,62.8%,354981,506728,7.6%,6.9%,5.9%,69.8,158,3.5,100
2026-03-20 20:00:00,24.4%,8.21 GB,62.8%,169441,245385,9.3%,6.2%,3.2%,65.9,141,4.3,100
2026-03-20 21:00:00,21.5%,10.75 GB,62.8%,206551,292763,8.0%,5.0%,3.3%,59.2,131,1.4,100
2026-03-20 22:00:00,47.0%,9.88 GB,62.9%,531574,695110,10.5%,12.2%,8.8%,81.6,205,2.7,100
2026-03-20 23:00:00,25.4%,10.73 GB,62.9%,282511,297285,9.0%,5.2%,4.4%,64.0,127,2.5,100
2026-03-21 00:00:00,21.6%,9.96 GB,62.9%,241755,283031,5.5%,6.0%,3.4%,62.7,112,3.6,100
2026-03-21 01:00:00,18.7%,10.24 GB,62.9%,209192,278278,5.0%,4.1%,1.9%,61.7,119,4.5,100
2026-03-21 02:00:00,18.8%,9.36 GB,62.9%,255158,371086,5.0%,3.8%,2.0%,61.6,115,4.4,100
2026-03-21 03:00:00,27.8%,10.47 GB,62.9%,251018,293962,10.9%,7.6%,5.3%,67.0,154,3.1,100
2026-03-21 04:00:00,20.7%,9.41 GB,62.9%,470116,385831,7.6%,4.2%,2.9%,158.7,121,1.8,100
2026-03-21 05:00:00,27.4%,10.91 GB,62.9%,309932,266311,6.7%,6.2%,5.1%,66.4,138,3.0,100
2026-03-21 06:00:00,28.6%,10.53 GB,62.9%,378682,359053,10.9%,7.0%,3.3%,68.0,140,3.5,100
2026-03-21 07:00:00,36.3%,10.63 GB,62.9%,405470,368220,11.3%,10.4%,3.7%,72.6,188,2.4,100
2026-03-21 08:00:00,28.6%,10.27 GB,62.9%,180455,258372,6.0%,7.0%,4.6%,65.7,148,1.9,100
2026-03-21 09:00:00,38.6%,10.39 GB,62.9%,402685,457117,14.6%,9.9%,6.4%,72.6,187,1.2,100
2026-03-21 10:00:00,40.8%,9.5 GB,62.9%,440551,523515,8.4%,12.1%,4.8%,78.2,166,3.7,100
2026-03-21 11:00:00,42.7%,11.76 GB,62.9%,250598,280003,11.0%,11.2%,6.2%,80.4,150,4.2,100
2026-03-21 12:00:00,40.9%,12 GB,62.9%,457013,617181,9.5%,11.9%,6.9%,77.8,178,3.4,100
2026-03-21 13:00:00,39.1%,10.21 GB,62.9%,221789,235904,11.4%,10.5%,4.0%,75.0,147,2.5,100
2026-03-21 14:00:00,38.2%,7.42 GB,62.9%,400899,451938,10.9%,9.7%,4.2%,72.8,193,1.5,100
2026-03-21 15:00:00,37.1%,9.79 GB,62.9%,442469,529017,14.7%,10.0%,6.1%,73.4,136,2.5,100
2026-03-21 16:00:00,34.9%,9.39 GB,63.0%,467147,594635,10.3%,7.2%,5.7%,69.9,143,1.4,100
2026-03-21 17:00:00,35.5%,10.56 GB,63.0%,325138,327104,13.0%,7.7%,5.9%,71.2,152,1.9,100
2026-03-21 18:00:00,29.9%,10.28 GB,63.0%,350483,347379,10.4%,7.5%,5.2%,69.0,132,3.4,100
2026-03-21 19:00:00,23.8%,9.11 GB,63.0%,219282,301351,8.2%,5.6%,4.5%,64.7,117,3.8,100
2026-03-21 20:00:00,27.0%,10.64 GB,63.0%,215162,304856,8.6%,6.7%,4.6%,64.0,137,1.6,100
2026-03-21 21:00:00,26.6%,10.21 GB,63.0%,200786,299413,8.8%,7.6%,2.9%,81.5,135,13.5,100
2026-03-21 22:00:00,29.2%,11.03 GB,63.1%,296568,302841,11.6%,7.7%,5.7%,87.4,134,16.1,100
2026-03-21 23:00:00,29.7%,8.02 GB,63.1%,234809,321926,6.3%,8.0%,4.8%,87.9,131,16.1,100
2026-03-22 00:00:00,28.7%,9.67 GB,63.1%,402973,429951,7.0%,8.2%,3.3%,77.6,138,9.8,100
2026-03-22 01:00:00,27.8%,10.0 GB,63.2%,317472,271980,10.2%,7.9%,3.4%,80.6,132,12.2,100
2026-03-22 02:00:00,23.0%,8.79 GB,63.2%,316239,439730,7.4%,6.5%,3.6%,73.0,114,9.7,100
2026-03-22 03:00:00,24.6%,6.84 GB,63.3%,282262,320805,8.8%,6.5%,4.8%,80.7,145,14.0,100
2026-03-22 04:00:00,38.7%,11.74 GB,63.3%,351113,372947,12.8%,7.8%,5.7%,83.6,172,8.4,100
2026-03-22 05:00:00,40.2%,10.13 GB,63.3%,363452,395065,15.1%,10.6%,4.2%,92.4,168,13.5,100
2026-03-22 06:00:00,38.1%,9.88 GB,63.4%,218870,244606,14.4%,9.9%,6.1%,87.7,141,11.5,100
2026-03-22 07:00:00,44.2%,10.67 GB,63.4%,309921,327668,16.4%,12.1%,8.2%,87.8,163,8.3,100
2026-03-22 08:00:00,35.5%,10.87 GB,63.4%,267742,383193,9.5%,10.6%,4.0%,81.6,158,8.8,100
2026-03-22 09:00:00,46.8%,9.8 GB,63.5%,492905,626335,13.8%,12.5%,8.6%,95.5,183,12.1,100
2026-03-22 10:00:00,42.4%,10.77 GB,63.5%,287844,354604,9.9%,12.7%,5.4%,88.1,195,9.4,100
2026-03-22 11:00:00,48.5%,11.42 GB,63.6%,314793,284796,18.8%,13.1%,7.7%,102.9,202,16.1,100
2026-03-22 12:00:00,52.1%,8.97 GB,63.6%,760853,1097652,16.0%,13.0%,8.4%,106.3,212,16.5,100
2026-03-22 13:00:00,50.6%,11.22 GB,63.6%,279030,227026,10.3%,10.8%,8.4%,93.4,223,8.6,100
2026-03-22 14:00:00,43.4%,9.84 GB,63.7%,413487,416382,9.7%,9.4%,6.1%,92.0,160,11.5,100
2026-03-22 15:00:00,46.0%,10.39 GB,63.7%,512323,486644,15.0%,10.9%,5.3%,98.7,181,14.6,100
2026-03-22 16:00:00,58.7%,9.43 GB,63.8%,354058,427097,18.2%,12.5%,9.1%,109.8,232,15.2,100
2026-03-22 17:00:00,37.8%,9.9 GB,63.8%,368278,405764,8.3%,9.7%,7.0%,86.4,171,10.8,100
2026-03-22 18:00:00,43.9%,10.35 GB,63.9%,486763,475797,16.7%,10.4%,7.8%,100.5,158,16.9,100
2026-03-22 19:00:00,64.2%,10.82 GB,63.9%,535316,560323,20.1%,15.4%,7.5%,105.2,203,9.2,100
2026-03-22 20:00:00,32.7%,8.23 GB,64.0%,402327,531879,6.6%,8.6%,3.8%,84.6,167,12.3,100
2026-03-22 21:00:00,30.4%,10.1 GB,64.0%,246854,257204,8.1%,7.1%,3.8%,75.3,155,7.4,100
2026-03-22 22:00:00,34.0%,10.71 GB,64.0%,447385,517908,8.4%,9.6%,5.3%,88.9,147,14.5,100
2026-03-22 23:00:00,32.7%,9.67 GB,64.1%,328094,354346,10.3%,8.7%,3.7%,86.3,136,13.4,100
2026-03-23 00:00:00,25.7%,11.39 GB,64.1%,340619,387568,9.4%,6.0%,4.8%,74.0,121,9.0,100
2026-03-23 01:00:00,29.5%,8.32 GB,64.2%,366734,316033,8.2%,6.4%,3.5%,86.8,142,15.5,100
2026-03-23 02:00:00,25.8%,10.56 GB,64.2%,682364,807752,9.6%,5.9%,3.9%,213.8,126,9.4,100
2026-03-23 03:00:00,33.0%,9.36 GB,64.3%,176005,200555,9.2%,8.1%,6.2%,93.1,149,17.8,100
2026-03-23 04:00:00,35.2%,10.5 GB,64.3%,340748,379793,7.6%,8.9%,5.0%,87.8,184,13.1,100
2026-03-23 05:00:00,32.5%,10.97 GB,64.4%,275043,264312,10.4%,6.6%,4.3%,76.0,145,6.7,100
2026-03-23 06:00:00,33.3%,11.02 GB,64.4%,441736,386779,12.1%,9.4%,5.6%,86.7,152,13.4,100
2026-03-23 07:00:00,39.1%,11.21 GB,64.4%,561956,680182,10.6%,11.1%,6.3%,91.2,169,13.3,100
2026-03-23 08:00:00,41.8%,10.03 GB,64.5%,370383,354436,15.3%,11.0%,8.0%,92.5,150,12.7,100
2026-03-23 09:00:00,44.6%,8.71 GB,64.5%,1477560,1319537,9.7%,12.4%,6.3%,177.1,174,8.6,100
2026-03-23 10:00:00,45.8%,9.77 GB,64.5%,464735,407917,16.4%,10.0%,7.1%,87.0,157,6.9,100
2026-03-23 11:00:00,47.4%,10.26 GB,64.6%,422290,409073,14.8%,11.6%,9.1%,97.3,178,12.9,100
2026-03-23 12:00:00,53.3%,10.89 GB,64.6%,695546,737782,15.4%,11.4%,7.0%,95.1,182,8.3,100
2026-03-23 13:00:00,44.8%,8.92 GB,64.7%,387049,510906,9.7%,10.1%,5.7%,90.0,172,9.5,100
2026-03-23 14:00:00,46.8%,9.61 GB,64.7%,404273,605940,12.6%,10.6%,7.7%,92.6,193,10.1,100
2026-03-23 15:00:00,42.7%,9.39 GB,64.8%,410488,587842,15.0%,12.1%,8.2%,93.8,159,13.1,100
2026-03-23 16:00:00,43.6%,8.97 GB,64.8%,272619,250748,11.2%,9.4%,6.6%,97.2,198,14.9,100
2026-03-23 17:00:00,42.0%,8.37 GB,64.9%,428510,531424,15.4%,9.9%,6.5%,95.2,150,14.4,100
2026-03-23 18:00:00,38.6%,11.01 GB,64.9%,497103,528827,12.6%,11.4%,5.2%,87.0,183,10.7,100
2026-03-23 19:00:00,70.4%,11.88 GB,65.0%,613022,718611,24.6%,19.2%,8.2%,113.8,224,11.6,100
2026-03-23 20:00:00,28.2%,10.86 GB,65.0%,254087,341389,10.5%,5.9%,4.6%,82.2,161,13.1,100
2026-03-23 21:00:00,33.1%,8.09 GB,65.0%,1560904,1893906,12.6%,7.8%,3.3%,171.1,151,19.4,100
2026-03-23 22:00:00,58.9%,10.01 GB,65.1%,1502335,2203375,15.9%,17.1%,8.8%,265.7,175,10.5,100
2026-03-23 23:00:00,33.2%,10.58 GB,65.1%,245992,280598,12.3%,9.8%,6.2%,90.9,175,16.2,100
2026-03-24 00:00:00,25.3%,11.13 GB,65.2%,135581,184568,9.1%,7.3%,2.9%,76.1,145,10.5,100
2026-03-24 01:00:00,34.7%,9.93 GB,65.2%,344060,284479,13.9%,7.1%,4.0%,96.0,182,18.8,100
2026-03-24 02:00:00,24.8%,9.19 GB,65.3%,248642,271897,6.1%,5.5%,4.5%,88.4,139,19.1,100
2026-03-24 03:00:00,33.2%,9.08 GB,65.3%,385657,421184,12.0%,6.9%,4.2%,89.0,147,15.0,100
2026-03-24 04:00:00,33.1%,12 GB,65.4%,171902,210549,10.2%,9.0%,5.7%,87.0,168,13.7,100
2026-03-24 05:00:00,33.5%,8.7 GB,65.4%,243791,218611,9.9%,7.8%,6.6%,80.8,168,9.3,100
2026-03-24 06:00:00,34.9%,11.14 GB,65.4%,444732,456186,10.4%,7.2%,5.6%,90.0,176,14.7,100
2026-03-24 07:00:00,46.8%,8.92 GB,65.5%,690240,638887,17.0%,13.1%,5.2%,93.5,211,10.7,100
2026-03-24 08:00:00,43.3%,10.43 GB,65.5%,532844,670823,15.1%,10.1%,7.8%,99.4,145,16.5,100
2026-03-24 09:00:00,41.2%,9.66 GB,65.6%,312411,467816,14.0%,8.4%,6.1%,94.7,171,14.5,100
2026-03-24 10:00:00,43.6%,9.75 GB,65.6%,223121,322992,8.8%,13.0%,5.5%,88.6,207,9.1,100
2026-03-24 11:00:00,42.5%,10.52 GB,65.6%,577208,720276,8.5%,11.0%,7.9%,91.8,171,11.9,100
2026-03-24 12:00:00,44.1%,7.85 GB,65.7%,750096,632224,15.1%,10.3%,8.2%,144.4,147,10.5,100
2026-03-24 13:00:00,52.3%,9.19 GB,65.7%,567457,580948,12.9%,14.6%,8.7%,104.7,160,15.3,100
2026-03-24 14:00:00,43.9%,8.42 GB,65.8%,369966,304670,14.6%,9.0%,7.3%,85.2,157,6.7,100
2026-03-24 15:00:00,48.3%,10.67 GB,65.8%,459411,421379,17.3%,9.8%,6.4%,95.1,210,11.0,100
2026-03-24 16:00:00,40.4%,11.62 GB,65.8%,557135,475189,12.0%,11.2%,6.9%,84.9,160,8.4,100
2026-03-24 17:00:00,37.8%,9.87 GB,65.9%,1209057,1387233,7.7%,9.6%,7.4%,235.7,186,7.4,100
2026-03-24 18:00:00,42.4%,10.83 GB,65.9%,504857,510552,10.6%,8.9%,4.5%,89.6,181,10.4,100
2026-03-24 19:00:00,34.2%,11.01 GB,66.0%,485928,723781,11.8%,9.0%,5.8%,81.9,172,9.7,100
2026-03-24 20:00:00,32.5%,10.36 GB,66.0%,474399,676500,10.7%,8.6%,4.5%,82.1,177,10.7,100
2026-03-24 21:00:00,27.5%,10.25 GB,66.1%,400061,595587,6.0%,6.1%,5.3%,79.1,154,11.4,100
2026-03-24 22:00:00,35.6%,10.83 GB,66.1%,218004,231683,7.4%,10.6%,6.2%,83.9,152,10.3,100
2026-03-24 23:00:00,28.8%,9.83 GB,66.2%,424168,579189,7.5%,8.1%,3.3%,79.3,160,10.9,100
2026-03-25 00:00:00,27.3%,10.88 GB,66.2%,289840,370531,7.2%,6.4%,3.6%,88.1,156,17.5,100
2026-03-25 01:00:00,27.5%,9.27 GB,66.2%,1244392,1062159,9.7%,6.3%,5.4%,192.9,150,7.1,100
2026-03-25 02:00:00,27.1%,11.12 GB,66.3%,301599,385774,6.9%,7.3%,2.9%,79.9,143,12.1,100
2026-03-25 03:00:00,26.7%,10.45 GB,66.3%,1949900,2742418,7.6%,8.0%,4.5%,165.8,150,11.9,100
2026-03-25 04:00:00,34.1%,10.31 GB,66.3%,430805,353913,9.5%,9.3%,6.7%,86.4,136,12.8,100
2026-03-25 05:00:00,37.0%,10.24 GB,66.4%,369883,412996,14.1%,8.1%,4.8%,92.2,182,15.1,100
2026-03-25 06:00:00,41.7%,9.62 GB,66.4%,353809,385776,12.6%,9.6%,6.7%,98.7,187,16.9,100
2026-03-25 07:00:00,36.5%,9.63 GB,66.4%,332266,433698,13.9%,9.9%,4.1%,87.3,171,12.0,100
2026-03-25 08:00:00,46.5%,12 GB,66.5%,559900,762078,17.2%,10.5%,8.2%,97.0,201,13.2,100
2026-03-25 09:00:00,39.7%,10.11 GB,66.5%,303024,366378,14.2%,10.3%,7.4%,97.8,165,17.3,100
2026-03-25 10:00:00,47.7%,10.79 GB,66.6%,448959,539812,13.1%,14.0%,5.1%,98.9,197,13.8,100
2026-03-25 11:00:00,50.0%,9.73 GB,66.7%,342188,301564,13.4%,11.2%,6.0%,104.4,186,16.3,100
2026-03-25 12:00:00,50.1%,7.9 GB,66.7%,725667,960716,16.6%,10.6%,7.0%,104.0,193,15.9,100
2026-03-25 13:00:00,48.2%,8.56 GB,66.7%,487109,543788,18.3%,12.1%,7.2%,106.8,163,18.9,100
2026-03-25 14:00:00,43.9%,10.19 GB,66.8%,600930,799736,9.3%,11.3%,5.5%,95.1,196,13.3,100
2026-03-25 15:00:00,47.7%,11.45 GB,66.8%,633029,724404,10.8%,13.0%,6.4%,102.6,173,16.3,100
2026-03-25 16:00:00,36.8%,11.32 GB,66.8%,336618,316203,8.0%,9.5%,5.1%,82.2,155,8.5,100
2026-03-25 17:00:00,40.3%,10.57 GB,66.9%,349225,305416,12.9%,9.0%,6.8%,101.1,167,19.3,100
2026-03-25 18:00:00,32.3%,10.21 GB,67.0%,366505,513533,12.0%,6.8%,3.8%,84.6,162,12.5,100
2026-03-25 19:00:00,33.6%,9.91 GB,67.0%,233579,309168,8.7%,7.2%,3.9%,90.8,176,15.9,100
2026-03-25 20:00:00,34.9%,9.29 GB,67.0%,411069,555372,12.0%,10.1%,6.5%,82.8,176,9.9,100
2026-03-25 21:00:00,30.6%,9.57 GB,67.1%,423100,571220,7.1%,7.5%,4.2%,79.3,155,9.9,100
2026-03-25 22:00:00,25.3%,11.0 GB,67.1%,172291,236051,7.6%,7.1%,3.1%,75.1,122,9.9,100
2026-03-25 23:00:00,26.9%,9.19 GB,67.2%,382678,385752,9.3%,7.2%,4.4%,85.7,133,16.1,100
2026-03-26 00:00:00,33.7%,10.82 GB,67.2%,259911,240314,9.5%,7.3%,5.1%,81.9,173,10.0,100
2026-03-26 01:00:00,30.3%,10.24 GB,67.2%,196321,231175,7.6%,7.3%,5.2%,89.0,133,16.5,100
2026-03-26 02:00:00,27.5%,8.17 GB,67.3%,276460,360572,8.5%,7.1%,3.9%,82.4,151,13.6,100
2026-03-26 03:00:00,32.0%,10.66 GB,67.3%,366254,534936,12.1%,8.4%,5.5%,82.8,174,11.4,100
2026-03-26 04:00:00,32.2%,8.84 GB,67.3%,204912,266121,9.9%,8.8%,5.4%,88.6,130,15.2,100
2026-03-26 05:00:00,44.1%,10.99 GB,67.4%,336364,309097,9.1%,9.5%,6.1%,94.6,170,12.9,100
2026-03-26 06:00:00,40.8%,9.89 GB,67.4%,467352,451483,10.1%,8.2%,4.8%,88.6,187,10.6,100
2026-03-26 07:00:00,44.7%,9.53 GB,67.5%,470692,438947,11.6%,12.5%,5.3%,91.0,164,10.2,100
2026-03-26 08:00:00,44.5%,10.59 GB,67.5%,238935,310727,16.2%,13.2%,5.0%,88.3,164,8.5,100
2026-03-26 09:00:00,51.1%,11.66 GB,67.6%,275608,251947,19.6%,11.1%,8.3%,104.3,203,15.6,100
2026-03-26 10:00:00,47.2%,10.26 GB,67.6%,291715,235238,17.0%,12.4%,5.3%,93.4,153,10.4,100
2026-03-26 11:00:00,42.3%,9.8 GB,67.6%,320228,413734,11.2%,9.0%,5.2%,93.6,168,13.1,100
2026-03-26 12:00:00,53.1%,9.69 GB,67.7%,397175,330167,18.5%,14.5%,7.4%,102.8,169,13.6,100
2026-03-26 13:00:00,44.0%,10.45 GB,67.7%,737016,870044,9.8%,11.6%,5.9%,175.8,194,11.4,100
2026-03-26 14:00:00,45.5%,10.41 GB,67.7%,490003,392886,13.4%,9.9%,5.7%,89.5,168,8.7,100
2026-03-26 15:00:00,44.1%,9.89 GB,67.8%,576790,478540,16.7%,11.5%,8.8%,85.5,189,6.8,100
2026-03-26 16:00:00,82.0%,11.18 GB,67.8%,425752,377048,23.8%,24.2%,10.7%,125.8,291,13.5,100
2026-03-26 17:00:00,40.9%,10.43 GB,67.9%,484159,715391,13.9%,10.4%,4.7%,86.1,176,8.9,100
2026-03-26 18:00:00,38.6%,12 GB,67.9%,425839,449517,14.8%,9.1%,6.7%,85.8,142,10.0,100
2026-03-26 19:00:00,33.0%,10.89 GB,68.0%,433978,353731,8.5%,6.8%,3.4%,88.2,136,14.6,100
2026-03-26 20:00:00,39.7%,10.81 GB,68.0%,361668,498542,15.8%,11.8%,5.5%,95.0,195,15.5,100
2026-03-26 21:00:00,26.6%,8.16 GB,68.0%,215159,176966,5.6%,7.2%,4.5%,72.0,158,7.2,100
2026-03-26 22:00:00,24.8%,10.67 GB,68.1%,159471,167902,7.3%,5.5%,3.8%,73.7,123,9.2,100
2026-03-26 23:00:00,26.9%,9.04 GB,68.1%,360668,455138,8.8%,7.8%,5.2%,82.2,158,13.8,100
2026-03-27 00:00:00,22.0%,11.65 GB,68.2%,641632,791180,5.6%,5.7%,3.6%,182.3,122,7.1,100
2026-03-27 01:00:00,22.4%,10.74 GB,68.2%,326043,268310,6.3%,4.8%,2.6%,78.9,136,14.0,100
2026-03-27 02:00:00,21.1%,10.6 GB,68.2%,134606,148168,7.6%,4.8%,4.0%,71.8,122,9.9,100
2026-03-27 03:00:00,23.8%,10.38 GB,68.3%,336614,501231,7.5%,5.4%,4.1%,85.6,117,17.7,100
2026-03-27 04:00:00,30.1%,9.38 GB,68.3%,422713,574049,7.5%,7.2%,5.5%,79.1,157,10.0,100
2026-03-27 05:00:00,30.9%,9.65 GB,68.3%,826704,1152190,7.5%,8.5%,5.3%,224.9,156,14.5,100
2026-03-27 06:00:00,40.6%,9.56 GB,68.4%,254179,229266,9.6%,8.3%,5.7%,90.0,172,11.7,100
2026-03-27 07:00:00,35.3%,8.31 GB,68.4%,522920,762486,8.3%,9.5%,4.5%,86.2,133,12.0,100
2026-03-27 08:00:00,41.6%,10.65 GB,68.5%,336677,456333,10.3%,9.1%,6.7%,99.1,200,17.2,100
2026-03-27 09:00:00,51.9%,10.84 GB,68.5%,438826,471233,19.2%,12.8%,7.8%,95.7,168,9.5,100
2026-03-27 10:00:00,46.7%,10.74 GB,68.5%,1313660,1525464,11.8%,11.5%,6.6%,210.3,150,10.6,100
2026-03-27 11:00:00,65.5%,10.05 GB,68.6%,623904,543991,22.1%,17.3%,9.9%,113.1,266,13.8,100
2026-03-27 12:00:00,45.6%,8.99 GB,68.6%,298058,348199,14.9%,9.4%,7.0%,94.1,201,11.7,100
2026-03-27 13:00:00,80.1%,11.7 GB,68.7%,1181532,1734922,16.9%,19.0%,9.3%,115.9,249,7.9,100
2026-03-27 14:00:00,44.6%,11.93 GB,68.7%,511422,729266,12.4%,9.1%,8.6%,98.3,185,15.1,100
2026-03-27 15:00:00,47.0%,11.34 GB,68.7%,589198,487211,17.4%,12.0%,9.0%,97.5,206,13.3,100
2026-03-27 16:00:00,39.8%,10.13 GB,68.8%,266647,323002,9.3%,11.4%,5.4%,88.1,169,10.8,100
2026-03-27 17:00:00,44.4%,9.17 GB,68.8%,389349,427325,15.9%,10.4%,7.9%,91.9,172,10.9,100
2026-03-27 18:00:00,37.1%,8.22 GB,68.9%,498246,493378,8.6%,8.8%,4.0%,98.3,160,19.1,100
2026-03-27 19:00:00,35.8%,11.32 GB,68.9%,510222,624895,13.0%,9.8%,5.6%,85.4,185,11.2,100
2026-03-27 20:00:00,35.4%,8.95 GB,69.0%,333263,334431,7.4%,9.5%,6.2%,82.0,163,9.1,100
2026-03-27 21:00:00,30.5%,10.77 GB,69.0%,450620,668606,7.4%,7.3%,3.4%,89.0,133,16.4,100
2026-03-27 22:00:00,31.9%,8.64 GB,69.1%,451207,493908,11.0%,7.2%,3.8%,85.9,154,13.6,100
2026-03-27 23:00:00,28.0%,8.39 GB,69.1%,171974,155119,7.8%,6.0%,5.1%,80.0,163,11.7,100
2026-03-28 00:00:00,29.1%,10.43 GB,69.1%,394700,350024,8.0%,5.9%,5.3%,77.0,156,9.2,100
2026-03-28 01:00:00,32.7%,10.12 GB,69.2%,412719,358909,6.5%,9.4%,4.0%,79.6,160,9.0,100
2026-03-28 02:00:00,28.8%,10.07 GB,69.2%,261502,260358,9.6%,7.2%,5.4%,81.2,141,12.1,100
2026-03-28 03:00:00,32.4%,10.84 GB,69.3%,230693,244107,8.1%,8.5%,4.2%,94.2,143,18.8,100
2026-03-28 04:00:00,27.5%,9.41 GB,69.3%,140781,194984,8.6%,6.3%,4.1%,82.1,144,13.4,100
2026-03-28 05:00:00,36.6%,8.02 GB,69.4%,499968,726892,8.4%,10.2%,4.8%,87.7,161,12.3,100
2026-03-28 06:00:00,41.4%,7.96 GB,69.4%,545512,730775,15.8%,12.4%,6.1%,96.2,143,15.4,100
2026-03-28 07:00:00,36.4%,8.09 GB,69.4%,518455,605049,8.0%,7.6%,6.0%,90.7,160,14.4,100
2026-03-28 08:00:00,48.8%,10.97 GB,69.5%,706196,569429,16.8%,14.6%,6.0%,102.2,223,15.4,100
2026-03-28 09:00:00,37.7%,8.99 GB,69.5%,247567,286103,11.3%,8.3%,6.6%,84.2,173,9.4,100
2026-03-28 10:00:00,48.4%,11.76 GB,69.6%,565772,695605,9.7%,12.0%,7.6%,96.4,213,11.8,100
2026-03-28 11:00:00,45.4%,8.86 GB,69.6%,434231,543163,13.6%,13.1%,4.9%,102.2,158,17.3,100
2026-03-28 12:00:00,51.8%,9.36 GB,69.7%,579244,624179,17.8%,10.9%,7.8%,100.7,217,12.8,100
2026-03-28 13:00:00,48.9%,10.29 GB,69.7%,656790,668964,12.2%,10.3%,9.2%,103.1,164,16.0,100
2026-03-28 14:00:00,47.1%,10.3 GB,69.7%,440574,549354,17.8%,11.2%,5.0%,96.1,157,12.3,100
2026-03-28 15:00:00,45.4%,9.1 GB,69.8%,419045,411667,11.5%,9.4%,7.0%,94.0,175,11.8,100
2026-03-28 16:00:00,42.9%,7.9 GB,69.8%,350666,321251,12.7%,12.0%,8.4%,95.9,153,14.4,100
2026-03-28 17:00:00,39.0%,10.29 GB,69.8%,375670,537810,12.6%,10.9%,5.4%,85.7,152,9.6,100
2026-03-28 18:00:00,42.2%,10.27 GB,69.9%,252343,251141,15.9%,11.1%,6.3%,92.6,194,12.6,100
2026-03-28 19:00:00,34.0%,10.13 GB,69.9%,410307,414240,10.7%,9.8%,4.7%,86.7,181,13.0,100
2026-03-28 20:00:00,37.8%,9.45 GB,70.0%,299134,446037,8.9%,8.0%,5.7%,84.6,172,9.6,100
2026-03-28 21:00:00,28.1%,8.6 GB,70.0%,157446,182667,6.6%,7.1%,5.4%,75.9,122,8.9,100
2026-03-28 22:00:00,34.7%,11.02 GB,70.1%,326742,448520,10.5%,10.2%,5.6%,80.7,140,8.6,100
2026-03-28 23:00:00,23.2%,8.3 GB,70.1%,299180,265323,6.5%,4.8%,2.6%,78.6,129,13.3,100
2026-03-29 00:00:00,27.3%,9.93 GB,70.2%,355585,314203,7.1%,5.8%,4.4%,78.0,131,10.8,100
2026-03-29 01:00:00,29.8%,11.61 GB,70.2%,375175,492801,11.0%,6.2%,5.9%,87.8,131,15.9,100
2026-03-29 02:00:00,31.2%,11.5 GB,70.2%,379777,356933,9.7%,8.5%,4.1%,86.9,162,14.6,100
2026-03-29 03:00:00,32.1%,12 GB,70.3%,204683,225087,8.6%,8.5%,6.4%,90.3,151,16.4,100
2026-03-29 04:00:00,35.4%,10.37 GB,70.3%,1004206,1361680,12.1%,7.4%,5.8%,213.4,173,9.5,100
2026-03-29 05:00:00,33.6%,9.94 GB,70.4%,233776,213803,8.1%,10.1%,6.4%,84.1,162,11.5,100
2026-03-29 06:00:00,38.5%,9.74 GB,70.4%,397354,385533,8.0%,9.7%,5.7%,86.4,183,10.4,100
2026-03-29 07:00:00,44.1%,9.27 GB,70.5%,567153,572119,13.5%,12.4%,6.9%,101.2,159,17.3,100
2026-03-29 08:00:00,44.6%,10.46 GB,70.5%,493884,554335,15.9%,9.6%,7.2%,96.3,199,13.7,100
2026-03-29 09:00:00,47.6%,9.86 GB,70.6%,701648,990296,14.3%,12.2%,5.0%,95.5,190,11.6,100
2026-03-29 10:00:00,47.3%,11.61 GB,70.6%,570679,699288,17.9%,13.4%,6.8%,104.1,162,17.5,100
2026-03-29 11:00:00,47.1%,8.29 GB,70.6%,647669,595498,10.2%,11.1%,6.6%,92.1,157,9.6,100
2026-03-29 12:00:00,43.8%,11.61 GB,70.7%,598552,541657,12.6%,11.1%,5.5%,101.9,201,17.9,100
2026-03-29 13:00:00,44.1%,12 GB,70.7%,401366,432222,15.6%,12.5%,5.3%,98.7,194,15.6,100
2026-03-29 14:00:00,50.3%,10.77 GB,70.7%,623705,702561,16.4%,13.9%,7.0%,101.7,171,14.3,100
2026-03-29 15:00:00,47.2%,11.17 GB,70.8%,629726,695159,10.1%,11.4%,7.7%,100.7,192,15.3,100
2026-03-29 16:00:00,43.4%,7.91 GB,70.8%,582560,592569,15.3%,11.1%,7.2%,88.4,155,9.1,100
2026-03-29 17:00:00,36.2%,8.08 GB,70.8%,421545,400295,11.1%,8.3%,5.8%,98.5,180,19.7,100
2026-03-29 18:00:00,42.8%,8.5 GB,70.9%,337918,456507,12.5%,9.5%,5.7%,102.4,185,18.7,100
2026-03-29 19:00:00,34.5%,10.06 GB,70.9%,269327,373557,12.9%,7.1%,5.9%,83.4,169,10.5,100
2026-03-29 20:00:00,28.7%,9.31 GB,71.0%,415681,427117,10.9%,7.7%,4.1%,80.8,140,11.9,100
2026-03-29 21:00:00,34.2%,9.85 GB,71.0%,419341,462645,7.7%,7.3%,4.0%,84.9,160,11.7,100
2026-03-29 22:00:00,26.4%,9.86 GB,71.0%,196015,229801,5.3%,6.5%,3.6%,87.1,121,17.3,100
2026-03-29 23:00:00,26.0%,10.34 GB,71.1%,536288,538326,10.0%,7.2%,3.3%,191.9,157,10.5,100
2026-03-30 00:00:00,26.6%,9.89 GB,71.1%,308877,266812,10.4%,7.6%,2.7%,80.4,145,12.7,100
2026-03-30 01:00:00,30.0%,7.75 GB,71.2%,299126,293518,8.3%,9.0%,4.3%,84.7,134,13.8,100
2026-03-30 02:00:00,27.9%,10.44 GB,71.2%,372268,357420,7.3%,5.6%,3.6%,80.3,150,12.0,100
2026-03-30 03:00:00,28.5%,9.95 GB,71.2%,173979,212498,10.6%,6.1%,3.4%,77.2,131,9.6,100
2026-03-30 04:00:00,27.1%,8.52 GB,71.3%,296229,319093,8.9%,6.5%,3.9%,87.0,147,16.9,100
2026-03-30 05:00:00,37.2%,9.75 GB,71.3%,499345,660457,13.0%,9.8%,5.0%,91.6,147,14.6,100
2026-03-30 06:00:00,42.9%,11.14 GB,71.4%,416775,359307,13.0%,9.6%,8.2%,92.5,188,12.1,100
2026-03-30 07:00:00,38.3%,8.17 GB,71.4%,307856,275514,8.7%,9.8%,6.4%,93.5,190,15.3,100
2026-03-30 08:00:00,32.6%,10.43 GB,71.4%,195966,191416,12.5%,9.3%,4.1%,78.9,130,8.5,100
2026-03-30 09:00:00,38.1%,10.78 GB,71.5%,1538670,1922761,14.1%,8.4%,4.3%,230.2,151,11.6,100
2026-03-30 10:00:00,60.0%,11.57 GB,71.5%,439605,652315,12.2%,17.7%,7.7%,103.1,215,10.1,100
2026-03-30 11:00:00,40.7%,6.62 GB,71.6%,298393,342810,16.1%,11.4%,5.0%,89.0,146,11.0,100
2026-03-30 12:00:00,47.4%,10.9 GB,71.6%,309461,360198,15.0%,10.5%,8.7%,93.3,217,10.3,100
2026-03-30 13:00:00,44.1%,9.82 GB,71.7%,231032,289255,10.9%,12.0%,6.3%,94.9,186,13.1,100
2026-03-30 14:00:00,54.2%,9.04 GB,71.7%,286970,410529,15.9%,14.7%,6.2%,95.3,199,7.9,100
2026-03-30 15:00:00,47.0%,8.36 GB,71.7%,298800,379870,14.5%,9.9%,6.5%,96.5,211,12.6,100
2026-03-30 16:00:00,39.3%,9.06 GB,71.8%,540010,740233,14.4%,10.4%,5.4%,91.5,185,13.4,100
2026-03-30 17:00:00,38.9%,10.11 GB,71.8%,343969,452966,9.7%,9.5%,6.2%,86.2,147,10.0,100
2026-03-30 18:00:00,33.7%,8.63 GB,71.8%,274773,383985,12.8%,8.9%,5.7%,84.3,178,11.6,100
2026-03-30 19:00:00,35.0%,10.75 GB,71.9%,438618,427526,10.9%,8.7%,4.1%,80.5,174,8.3,100
2026-03-30 20:00:00,33.0%,9.8 GB,71.9%,229430,185641,9.1%,6.8%,5.6%,82.3,154,10.6,100
2026-03-30 21:00:00,30.3%,10.42 GB,72.0%,381633,407520,7.5%,6.5%,3.7%,84.5,161,13.6,100
2026-03-30 22:00:00,30.1%,10.01 GB,72.0%,251205,286398,10.9%,6.3%,4.3%,87.8,168,15.8,100
2026-03-30 23:00:00,25.6%,8.48 GB,72.1%,303268,324516,6.4%,5.2%,4.2%,75.5,137,10.0,100
