timestamp,hostname,empresa_id,servidor_id,cpu,ram,disco,health_score,latency_avg_ms,packet_loss_internet,avg_adsb_update_seconds
2026-05-14 18:25:46,NeithaNitro,1,1,30.2,59.2,13.9,79.34,76.15,3.06,16.43
2026-05-14 18:35:46,NeithaNitro,1,1,40.4,75.2,63.2,64.24,33.86,0.42,19.62
2026-05-14 18:45:46,NeithaNitro,1,1,88.7,55.7,20.4,67.04,81.4,0.68,3.24
2026-05-14 18:55:46,NeithaNitro,1,1,25.9,75.3,81.9,63.38,96.17,1.54,17.6
2026-05-14 19:05:46,NeithaNitro,1,1,28.5,54.3,70.0,69.44,117.33,0.57,9.62
2026-05-14 19:15:46,NeithaNitro,1,1,71.6,58.0,75.7,58.94,39.45,1.25,8.67
2026-05-14 19:25:46,NeithaNitro,1,1,36.7,61.4,33.3,73.72,96.7,4.71,3.97
2026-05-14 19:35:46,NeithaNitro,1,1,61.9,88.3,68.3,56.3,90.92,1.02,16.07
2026-05-14 19:45:46,NeithaNitro,1,1,74.1,79.7,52.8,58.68,106.56,2.59,4.0
2026-05-14 19:55:46,NeithaNitro,1,1,30.5,42.7,52.2,74.92,61.08,0.63,9.62
2026-05-14 20:05:46,NeithaNitro,1,1,43.1,46.5,66.2,68.84,19.01,3.12,4.17
2026-05-14 20:15:46,NeithaNitro,1,1,46.2,50.4,44.1,71.86,60.93,0.68,7.84
2026-05-14 20:25:46,NeithaNitro,1,1,35.4,86.0,45.8,66.56,94.23,3.1,5.9
2026-05-14 20:35:46,NeithaNitro,1,1,47.0,75.3,33.7,68.8,116.16,0.91,2.75
2026-05-14 20:45:46,NeithaNitro,1,1,25.1,64.8,89.3,64.16,5.85,1.91,3.95
2026-05-14 20:55:46,NeithaNitro,1,1,41.8,50.4,37.6,74.04,117.87,2.62,11.75
2026-05-14 21:05:46,NeithaNitro,1,1,75.7,43.0,64.1,63.44,42.74,1.73,7.95
2026-05-14 21:15:46,NeithaNitro,1,1,71.0,58.6,40.8,65.92,54.75,3.71,3.57
2026-05-14 21:25:46,NeithaNitro,1,1,58.1,46.8,31.5,72.72,117.93,2.33,4.56
2026-05-14 21:35:46,NeithaNitro,1,1,29.3,66.9,36.8,73.4,49.78,0.6,16.38
2026-05-14 21:45:46,NeithaNitro,1,1,95.0,80.7,37.3,57.4,65.39,3.27,12.73
2026-05-14 21:55:46,NeithaNitro,1,1,49.8,44.6,79.9,65.14,32.02,0.74,18.78
2026-05-14 22:05:46,NeithaNitro,1,1,66.5,45.3,28.5,71.94,73.71,0.61,2.61
2026-05-14 22:15:46,NeithaNitro,1,1,60.0,52.6,88.4,59.8,72.98,4.16,16.17
2026-05-14 22:25:46,NeithaNitro,1,1,92.2,75.5,24.8,61.5,107.32,2.51,15.38
2026-05-14 22:35:46,NeithaNitro,1,1,44.2,71.6,28.4,71.16,32.84,3.26,3.09
2026-05-14 22:45:46,NeithaNitro,1,1,71.3,54.5,70.7,60.7,87.42,2.53,11.47
2026-05-14 22:55:46,NeithaNitro,1,1,58.6,42.6,35.6,72.64,83.0,3.64,13.28
2026-05-14 23:05:46,NeithaNitro,1,1,32.2,55.7,75.4,67.34,21.1,2.98,19.52
2026-05-14 23:15:46,NeithaNitro,1,1,27.7,61.1,86.6,64.92,85.19,4.5,17.14
2026-05-14 23:25:46,NeithaNitro,1,1,29.0,87.5,17.5,73.2,56.28,2.17,19.05
2026-05-14 23:35:46,NeithaNitro,1,1,64.3,40.4,88.3,61.4,9.42,0.99,15.01
2026-05-14 23:45:46,NeithaNitro,1,1,70.2,97.2,38.2,58.88,115.59,1.77,19.23
2026-05-14 23:55:46,NeithaNitro,1,1,45.2,84.1,54.6,63.22,80.61,2.18,3.74
2026-05-15 00:05:46,NeithaNitro,1,1,80.3,93.2,63.5,52.6,85.23,2.96,7.26
2026-05-15 00:15:46,NeithaNitro,1,1,35.2,56.5,68.2,68.02,75.54,4.1,6.7
2026-05-15 00:25:46,NeithaNitro,1,1,71.4,85.6,11.7,66.26,55.94,2.16,12.59
2026-05-15 00:35:46,NeithaNitro,1,1,68.8,71.0,30.9,65.86,95.86,1.44,7.21
2026-05-15 00:45:46,NeithaNitro,1,1,41.5,47.8,37.7,74.6,99.58,0.45,17.12
2026-05-15 00:55:46,NeithaNitro,1,1,88.7,49.7,54.7,61.38,98.71,4.89,12.17
2026-05-15 01:05:46,NeithaNitro,1,1,53.8,45.4,76.6,64.84,87.95,3.86,7.02
2026-05-15 01:15:46,NeithaNitro,1,1,53.6,54.6,60.7,66.22,111.63,0.95,7.61
2026-05-15 01:25:46,NeithaNitro,1,1,34.1,50.5,37.1,75.66,52.34,0.36,5.9
2026-05-15 01:35:46,NeithaNitro,1,1,89.6,45.1,82.6,56.54,6.23,4.74,9.78
2026-05-15 01:45:46,NeithaNitro,1,1,36.5,43.6,60.5,71.88,66.29,4.49,3.38
2026-05-15 01:55:46,NeithaNitro,1,1,22.9,47.2,50.5,75.88,18.12,2.18,10.82
2026-05-15 02:05:46,NeithaNitro,1,1,62.4,79.1,47.0,62.3,77.18,0.51,5.81
2026-05-15 02:15:46,NeithaNitro,1,1,50.3,61.3,56.4,66.4,28.8,4.16,5.18
2026-05-15 02:25:46,NeithaNitro,1,1,71.4,83.0,38.6,61.4,31.96,4.16,7.33
2026-05-15 02:35:46,NeithaNitro,1,1,92.6,92.8,80.8,46.76,99.3,2.01,3.91
2026-05-15 02:45:46,NeithaNitro,1,1,50.5,85.7,81.6,56.44,47.64,1.57,6.29
2026-05-15 02:55:46,NeithaNitro,1,1,61.3,55.2,55.2,65.66,37.51,0.88,7.59
2026-05-15 03:05:46,NeithaNitro,1,1,62.2,68.2,50.7,63.78,74.57,2.7,19.89
2026-05-15 03:15:46,NeithaNitro,1,1,62.4,63.5,58.7,63.08,119.98,0.74,16.19
2026-05-15 03:25:46,NeithaNitro,1,1,29.6,86.1,11.5,74.56,59.83,3.21,15.62
2026-05-15 03:35:46,NeithaNitro,1,1,83.2,48.7,81.6,57.3,22.91,2.19,4.65
2026-05-15 03:45:46,NeithaNitro,1,1,69.5,95.7,22.7,62.42,87.09,0.17,4.75
2026-05-15 03:55:46,NeithaNitro,1,1,89.5,40.1,47.3,64.62,86.63,4.57,19.76
2026-05-15 04:05:46,NeithaNitro,1,1,65.2,61.6,40.6,66.52,5.04,1.94,16.03
2026-05-15 04:15:46,NeithaNitro,1,1,63.9,96.5,35.3,60.86,115.45,4.26,18.98
2026-05-15 04:25:46,NeithaNitro,1,1,30.5,63.4,13.9,78.44,11.05,0.47,6.98
2026-05-15 04:35:46,NeithaNitro,1,1,33.3,66.4,28.3,74.4,10.9,1.86,10.77
2026-05-15 04:45:46,NeithaNitro,1,1,63.7,42.2,18.4,75.14,33.74,1.01,4.86
2026-05-15 04:55:46,NeithaNitro,1,1,86.2,58.0,72.9,56.58,28.54,2.13,16.53
2026-05-15 05:05:46,NeithaNitro,1,1,31.8,62.7,35.1,74.08,69.27,2.84,13.09
2026-05-15 05:15:46,NeithaNitro,1,1,44.5,56.7,13.9,76.98,109.8,4.32,9.57
2026-05-15 05:25:46,NeithaNitro,1,1,48.8,68.3,57.6,65.06,98.82,3.76,18.36
2026-05-15 05:35:46,NeithaNitro,1,1,52.9,80.1,18.3,69.74,7.3,1.98,2.43
2026-05-15 05:45:46,NeithaNitro,1,1,94.8,41.2,59.7,60.86,68.33,4.42,11.9
2026-05-15 05:55:46,NeithaNitro,1,1,50.2,42.5,77.4,65.98,82.13,1.19,13.37
2026-05-15 06:05:46,NeithaNitro,1,1,47.2,52.8,31.3,73.74,30.53,2.13,12.54
2026-05-15 06:15:46,NeithaNitro,1,1,46.1,95.9,75.1,56.58,12.97,3.76,8.24
2026-05-15 06:25:46,NeithaNitro,1,1,91.9,63.3,47.9,59.38,60.71,0.29,4.07
2026-05-15 06:35:46,NeithaNitro,1,1,73.1,97.4,66.6,52.58,72.9,4.81,18.11
2026-05-15 06:45:46,NeithaNitro,1,1,69.8,92.4,80.4,51.48,35.91,0.96,14.43
2026-05-15 06:55:46,NeithaNitro,1,1,85.6,75.9,64.1,54.88,37.69,0.96,18.28
2026-05-15 07:05:46,NeithaNitro,1,1,71.9,70.3,60.2,59.52,108.69,4.99,2.86
2026-05-15 07:15:46,NeithaNitro,1,1,31.4,61.0,69.1,67.7,60.18,3.08,16.98
2026-05-15 07:25:46,NeithaNitro,1,1,46.0,96.5,25.7,66.36,103.76,2.33,16.19
2026-05-15 07:35:46,NeithaNitro,1,1,34.3,63.9,52.9,69.78,36.03,4.41,12.86
2026-05-15 07:45:46,NeithaNitro,1,1,21.4,93.3,28.8,71.3,101.45,0.13,8.83
2026-05-15 07:55:46,NeithaNitro,1,1,69.4,52.6,39.5,67.7,6.52,1.04,2.15
2026-05-15 08:05:46,NeithaNitro,1,1,57.5,54.7,21.4,73.28,73.8,3.55,18.78
2026-05-15 08:15:46,NeithaNitro,1,1,85.7,56.2,44.9,62.64,36.44,4.54,12.88
2026-05-15 08:25:46,NeithaNitro,1,1,26.0,60.5,64.2,69.86,84.12,0.54,18.04
2026-05-15 08:35:46,NeithaNitro,1,1,82.9,89.3,41.2,57.32,16.83,3.38,19.13
2026-05-15 08:45:46,NeithaNitro,1,1,41.1,68.0,88.6,60.46,18.85,3.97,11.56
2026-05-15 08:55:46,NeithaNitro,1,1,56.2,90.0,88.8,53.0,33.68,3.83,14.02
2026-05-15 09:05:46,NeithaNitro,1,1,69.1,80.1,21.2,65.92,33.65,2.94,17.88
2026-05-15 09:15:46,NeithaNitro,1,1,31.1,97.0,82.5,57.88,67.52,3.99,3.7
2026-05-15 09:25:46,NeithaNitro,1,1,46.4,60.9,89.0,60.74,32.77,1.14,10.23
2026-05-15 09:35:46,NeithaNitro,1,1,78.7,83.3,29.5,61.7,13.8,4.56,13.85
2026-05-15 09:45:46,NeithaNitro,1,1,67.0,81.0,44.3,61.54,96.03,4.19,3.42
2026-05-15 09:55:46,NeithaNitro,1,1,76.4,59.1,34.5,66.0,12.66,1.0,8.79
2026-05-15 10:05:46,NeithaNitro,1,1,49.4,78.7,61.9,62.0,32.55,0.89,10.57
2026-05-15 10:15:46,NeithaNitro,1,1,36.7,55.3,86.7,64.26,89.78,2.01,11.24
2026-05-15 10:25:46,NeithaNitro,1,1,49.2,48.6,57.5,68.94,118.07,0.13,10.23
2026-05-15 10:35:46,NeithaNitro,1,1,43.5,83.2,76.1,59.44,99.03,3.96,10.17
2026-05-15 10:45:46,NeithaNitro,1,1,36.7,63.3,63.0,67.4,33.07,2.41,13.78
2026-05-15 10:55:46,NeithaNitro,1,1,77.6,79.3,27.0,63.22,21.87,1.74,8.75
2026-05-15 11:05:46,NeithaNitro,1,1,91.9,64.1,58.5,57.1,33.06,1.58,7.93
2026-05-15 11:15:46,NeithaNitro,1,1,35.7,57.3,18.9,77.62,110.78,4.72,11.03
2026-05-15 11:25:46,NeithaNitro,1,1,33.6,65.2,79.7,64.3,59.82,0.74,16.43
2026-05-15 11:35:46,NeithaNitro,1,1,87.1,97.9,19.9,59.02,91.21,3.66,13.92
2026-05-15 11:45:46,NeithaNitro,1,1,53.5,67.1,85.8,58.72,93.42,1.1,4.15
2026-05-15 11:55:46,NeithaNitro,1,1,58.7,76.8,48.2,63.26,84.46,0.25,2.96
2026-05-15 12:05:46,NeithaNitro,1,1,59.4,53.1,16.9,74.12,38.21,4.9,3.68
2026-05-15 12:15:46,NeithaNitro,1,1,69.5,41.0,52.9,67.32,48.75,0.39,6.67
2026-05-15 12:25:46,NeithaNitro,1,1,23.3,71.3,44.6,72.16,107.29,2.82,14.86
2026-05-15 12:35:46,NeithaNitro,1,1,52.8,94.9,81.2,54.22,16.33,4.73,2.19
2026-05-15 12:45:46,NeithaNitro,1,1,23.2,77.2,24.2,75.08,117.15,2.88,11.62
2026-05-15 12:55:46,NeithaNitro,1,1,20.1,89.2,75.0,63.14,90.72,4.63,17.66
2026-05-15 13:05:46,NeithaNitro,1,1,54.6,66.3,76.8,60.46,5.91,1.59,15.63
2026-05-15 13:15:46,NeithaNitro,1,1,66.2,42.8,48.9,68.42,95.42,1.62,6.19
2026-05-15 13:25:46,NeithaNitro,1,1,67.6,79.3,39.2,62.78,103.57,2.83,17.99
2026-05-15 13:35:46,NeithaNitro,1,1,87.4,45.0,44.8,64.56,68.15,1.61,11.03
2026-05-15 13:45:46,NeithaNitro,1,1,94.7,80.7,42.8,56.36,79.78,2.69,16.95
2026-05-15 13:55:46,NeithaNitro,1,1,79.8,94.8,50.8,54.92,79.15,3.04,12.96
2026-05-15 14:05:46,NeithaNitro,1,1,84.9,69.6,29.0,63.3,57.14,1.97,7.3
2026-05-15 14:15:46,NeithaNitro,1,1,61.4,82.2,22.8,66.72,48.77,1.47,2.38
2026-05-15 14:25:46,NeithaNitro,1,1,28.6,85.5,37.3,69.72,76.06,4.89,6.62
2026-05-15 14:35:46,NeithaNitro,1,1,58.2,40.5,16.8,76.9,86.73,0.87,11.0
2026-05-15 14:45:46,NeithaNitro,1,1,25.8,90.6,16.3,73.46,95.55,4.19,9.24
2026-05-15 14:55:46,NeithaNitro,1,1,90.5,47.7,52.6,61.84,55.86,2.64,12.38
2026-05-15 15:05:46,NeithaNitro,1,1,79.2,70.2,88.0,52.52,91.87,3.28,11.78
2026-05-15 15:15:46,NeithaNitro,1,1,76.7,57.2,59.4,61.34,68.34,2.64,9.02
2026-05-15 15:25:46,NeithaNitro,1,1,59.1,94.5,28.8,63.52,86.54,3.24,18.03
2026-05-15 15:35:46,NeithaNitro,1,1,42.7,49.6,17.3,78.08,118.55,3.23,13.74
2026-05-15 15:45:46,NeithaNitro,1,1,29.2,89.8,39.6,68.28,49.62,3.57,9.13
2026-05-15 15:55:46,NeithaNitro,1,1,82.8,46.2,42.0,65.8,26.64,3.82,10.03
2026-05-15 16:05:46,NeithaNitro,1,1,37.3,60.8,51.2,70.14,116.7,0.64,16.84
2026-05-15 16:15:46,NeithaNitro,1,1,45.1,78.8,59.1,63.4,18.66,3.01,3.91
2026-05-15 16:25:46,NeithaNitro,1,1,78.6,57.9,51.8,62.34,35.94,3.9,3.64
2026-05-15 16:35:46,NeithaNitro,1,1,41.2,49.0,19.5,78.06,40.07,3.49,10.01
2026-05-15 16:45:46,NeithaNitro,1,1,72.5,43.2,22.1,72.44,22.94,4.45,17.63
2026-05-15 16:55:46,NeithaNitro,1,1,31.2,67.9,48.9,70.4,87.6,4.55,19.01
2026-05-15 17:05:46,NeithaNitro,1,1,45.5,80.0,51.2,64.66,83.03,0.01,3.81
2026-05-15 17:15:46,NeithaNitro,1,1,90.0,53.7,85.9,54.08,76.36,4.58,11.53
2026-05-15 17:25:46,NeithaNitro,1,1,23.1,93.1,23.4,72.08,71.79,3.27,19.15
2026-05-15 17:35:46,NeithaNitro,1,1,88.6,80.9,65.1,53.08,53.57,4.66,4.61
2026-05-15 17:45:46,NeithaNitro,1,1,32.6,69.5,70.2,65.54,88.25,1.15,10.15
2026-05-15 17:55:46,NeithaNitro,1,1,81.9,93.4,81.0,48.74,30.43,2.54,12.97
2026-05-15 18:05:46,NeithaNitro,1,1,72.3,67.4,65.1,59.04,107.41,4.35,3.35
2026-05-15 18:15:46,NeithaNitro,1,1,51.5,95.4,76.4,55.34,116.25,2.57,16.94
2026-05-15 18:25:46,NeithaNitro,1,1,44.9,46.1,86.1,64.58,39.99,4.49,13.54
2026-05-15 18:35:46,NeithaNitro,1,1,83.5,48.8,60.6,61.42,34.11,4.98,9.05
2026-05-15 18:45:46,NeithaNitro,1,1,39.4,88.4,80.2,58.4,38.99,1.0,8.97
2026-05-15 18:55:46,NeithaNitro,1,1,43.2,69.0,78.0,61.96,65.66,0.81,9.56
2026-05-15 19:05:46,NeithaNitro,1,1,92.5,58.9,57.4,58.24,5.04,3.0,14.99
2026-05-15 19:15:46,NeithaNitro,1,1,80.4,80.3,89.6,49.94,45.42,0.42,18.54
2026-05-15 19:25:46,NeithaNitro,1,1,60.3,46.3,51.5,68.38,44.34,1.08,14.14
2026-05-15 19:35:46,NeithaNitro,1,1,89.0,68.5,18.7,64.76,82.66,1.52,15.91
2026-05-15 19:45:46,NeithaNitro,1,1,39.1,94.5,36.0,66.08,118.74,4.23,8.05
2026-05-15 19:55:46,NeithaNitro,1,1,61.9,70.6,42.7,64.96,90.19,2.29,5.06
2026-05-15 20:05:46,NeithaNitro,1,1,44.6,76.7,41.5,67.44,116.22,4.08,11.89
2026-05-15 20:15:46,NeithaNitro,1,1,50.5,92.9,30.9,65.14,49.1,2.6,11.28
2026-05-15 20:25:46,NeithaNitro,1,1,22.3,94.1,15.4,73.64,118.95,1.66,16.35
2026-05-15 20:35:46,NeithaNitro,1,1,85.2,87.5,70.6,51.34,9.35,1.58,5.96
2026-05-15 20:45:46,NeithaNitro,1,1,92.4,85.7,21.0,60.18,50.87,3.37,18.42
2026-05-15 20:55:46,NeithaNitro,1,1,23.1,48.9,15.5,82.5,74.23,4.92,10.51
2026-05-15 21:05:46,NeithaNitro,1,1,76.1,94.4,47.2,56.46,53.94,4.99,12.51
2026-05-15 21:15:46,NeithaNitro,1,1,35.4,93.6,67.6,60.68,106.7,2.77,8.96
2026-05-15 21:25:46,NeithaNitro,1,1,61.7,67.9,82.2,57.64,52.12,3.5,10.08
2026-05-15 21:35:46,NeithaNitro,1,1,63.8,51.9,51.0,66.66,16.92,4.1,9.52
2026-05-15 21:45:46,NeithaNitro,1,1,42.6,54.3,44.5,71.72,66.93,0.26,12.53
2026-05-15 21:55:46,NeithaNitro,1,1,42.1,66.4,43.9,69.52,25.86,0.23,9.91
2026-05-15 22:05:46,NeithaNitro,1,1,56.6,55.3,46.4,68.34,29.35,2.45,10.09
2026-05-15 22:15:46,NeithaNitro,1,1,86.4,42.5,78.6,58.5,15.35,1.35,2.36
2026-05-15 22:25:46,NeithaNitro,1,1,67.6,43.6,65.7,64.62,18.69,1.49,4.92
2026-05-15 22:35:46,NeithaNitro,1,1,65.5,89.9,22.9,64.34,31.2,3.32,5.7
2026-05-15 22:45:46,NeithaNitro,1,1,58.4,45.3,33.0,72.66,17.59,2.13,2.63
2026-05-15 22:55:46,NeithaNitro,1,1,63.5,68.1,79.3,57.82,80.28,2.21,4.98
2026-05-15 23:05:46,NeithaNitro,1,1,39.6,87.8,25.3,69.46,101.76,0.07,11.19
2026-05-15 23:15:46,NeithaNitro,1,1,74.1,53.8,29.1,68.6,92.3,1.78,12.58
2026-05-15 23:25:46,NeithaNitro,1,1,91.8,49.5,35.8,64.58,99.82,0.21,12.87
2026-05-15 23:35:46,NeithaNitro,1,1,58.2,58.8,40.4,68.52,102.17,3.85,17.48
2026-05-15 23:45:46,NeithaNitro,1,1,71.0,80.2,54.1,58.94,108.9,1.93,2.73
2026-05-15 23:55:46,NeithaNitro,1,1,56.5,75.7,68.3,59.9,19.62,2.09,4.52
2026-05-16 00:05:46,NeithaNitro,1,1,74.9,67.2,87.7,54.04,9.09,3.43,2.79
2026-05-16 00:15:46,NeithaNitro,1,1,87.2,88.1,81.4,48.66,65.12,1.29,9.96
2026-05-16 00:25:46,NeithaNitro,1,1,49.4,69.5,89.8,58.26,40.68,0.87,16.69
2026-05-16 00:35:46,NeithaNitro,1,1,81.4,85.6,56.1,55.38,55.69,0.57,6.37
2026-05-16 00:45:46,NeithaNitro,1,1,32.0,56.6,15.7,79.14,24.68,2.42,5.01
2026-05-16 00:55:46,NeithaNitro,1,1,38.9,57.6,68.7,66.96,94.83,3.84,2.3
2026-05-16 01:05:46,NeithaNitro,1,1,44.2,69.3,70.9,63.12,71.88,1.73,19.52
2026-05-16 01:15:46,NeithaNitro,1,1,30.3,46.5,88.4,66.96,87.11,1.75,2.62
2026-05-16 01:25:46,NeithaNitro,1,1,80.8,64.1,74.0,56.22,38.46,3.5,3.13
2026-05-16 01:35:46,NeithaNitro,1,1,43.2,46.2,64.3,69.26,88.75,3.9,10.78
2026-05-16 01:45:46,NeithaNitro,1,1,44.9,91.0,89.6,54.9,117.86,2.23,7.29
2026-05-16 01:55:46,NeithaNitro,1,1,35.9,53.7,32.7,75.54,107.29,4.59,19.85
2026-05-16 02:05:46,NeithaNitro,1,1,52.2,74.9,55.8,63.42,64.44,1.26,9.65
2026-05-16 02:15:46,NeithaNitro,1,1,60.7,94.5,15.6,65.84,69.36,0.19,2.52
2026-05-16 02:25:46,NeithaNitro,1,1,27.7,47.1,21.1,80.82,87.93,4.96,19.48
2026-05-16 02:35:46,NeithaNitro,1,1,41.8,67.2,27.4,72.72,30.72,1.26,12.73
2026-05-16 02:45:46,NeithaNitro,1,1,60.1,90.9,50.6,59.68,102.41,3.93,7.58
2026-05-16 02:55:46,NeithaNitro,1,1,29.7,65.9,15.5,77.78,90.55,4.51,18.17
2026-05-16 03:05:46,NeithaNitro,1,1,43.6,46.5,74.2,67.14,54.41,1.73,4.61
2026-05-16 03:15:46,NeithaNitro,1,1,64.2,82.1,65.5,57.64,75.67,2.54,19.37
2026-05-16 03:25:46,NeithaNitro,1,1,69.8,94.6,83.7,50.38,50.73,0.09,18.17
2026-05-16 03:35:46,NeithaNitro,1,1,30.8,91.3,27.3,70.12,119.81,3.55,3.08
2026-05-16 03:45:46,NeithaNitro,1,1,45.9,58.9,76.4,63.76,78.07,4.49,13.88
2026-05-16 03:55:46,NeithaNitro,1,1,22.6,73.2,15.4,77.76,100.3,2.96,16.14
2026-05-16 04:05:46,NeithaNitro,1,1,59.2,66.2,61.9,62.54,18.52,3.23,6.34
2026-05-16 04:15:46,NeithaNitro,1,1,69.5,95.1,55.7,55.94,96.77,4.69,2.53
2026-05-16 04:25:46,NeithaNitro,1,1,41.7,72.3,62.1,64.78,25.66,0.25,6.23
2026-05-16 04:35:46,NeithaNitro,1,1,51.1,96.3,77.8,54.96,54.38,2.58,2.96
2026-05-16 04:45:46,NeithaNitro,1,1,45.2,83.7,30.6,68.1,18.43,3.69,17.61
2026-05-16 04:55:46,NeithaNitro,1,1,27.9,85.4,19.5,73.44,93.51,4.65,11.99
2026-05-16 05:05:46,NeithaNitro,1,1,66.7,80.6,43.1,61.92,56.92,0.41,6.02
2026-05-16 05:15:46,NeithaNitro,1,1,82.7,60.4,84.0,54.58,11.5,4.28,13.12
2026-05-16 05:25:46,NeithaNitro,1,1,75.3,65.6,32.3,65.36,103.45,0.99,12.94
2026-05-16 05:35:46,NeithaNitro,1,1,92.6,65.4,86.4,51.12,81.96,1.07,17.75
2026-05-16 05:45:46,NeithaNitro,1,1,79.6,81.9,85.6,50.58,66.87,0.86,5.71
2026-05-16 05:55:46,NeithaNitro,1,1,37.0,95.5,88.8,55.74,78.79,0.51,13.66
2026-05-16 06:05:46,NeithaNitro,1,1,31.3,79.4,13.4,75.18,66.82,2.04,4.95
2026-05-16 06:15:46,NeithaNitro,1,1,24.6,60.4,79.6,67.08,77.28,1.44,9.69
2026-05-16 06:25:46,NeithaNitro,1,1,47.3,72.6,17.1,72.6,92.54,3.62,6.74
2026-05-16 06:35:46,NeithaNitro,1,1,45.1,43.4,14.6,79.38,107.8,0.83,9.97
2026-05-16 06:45:46,NeithaNitro,1,1,28.8,54.2,24.4,78.52,37.07,4.89,11.58
2026-05-16 06:55:46,NeithaNitro,1,1,53.7,53.8,60.7,66.36,92.47,1.45,19.68
2026-05-16 07:05:46,NeithaNitro,1,1,43.3,62.5,69.7,64.9,77.55,0.15,9.23
2026-05-16 07:15:46,NeithaNitro,1,1,59.2,62.4,69.1,61.86,67.16,2.94,16.68
2026-05-16 07:25:46,NeithaNitro,1,1,54.8,54.2,50.6,68.08,72.3,0.44,9.69
2026-05-16 07:35:46,NeithaNitro,1,1,27.9,66.6,64.9,68.12,75.84,2.38,11.51
2026-05-16 07:45:46,NeithaNitro,1,1,92.3,68.5,27.7,62.3,89.45,2.38,4.4
2026-05-16 07:55:46,NeithaNitro,1,1,79.3,92.5,84.2,48.8,115.39,4.27,5.05
2026-05-16 08:05:46,NeithaNitro,1,1,54.9,63.7,46.0,67.08,106.07,3.96,18.57
2026-05-16 08:15:46,NeithaNitro,1,1,25.7,85.5,52.0,67.36,91.93,2.45,12.22
2026-05-16 08:25:46,NeithaNitro,1,1,46.4,92.6,70.0,58.2,19.43,1.1,18.8
2026-05-16 08:35:46,NeithaNitro,1,1,37.3,92.6,68.8,60.26,92.87,4.04,7.82
2026-05-16 08:45:46,NeithaNitro,1,1,83.1,50.6,41.4,64.98,98.71,1.67,19.8
2026-05-16 08:55:46,NeithaNitro,1,1,58.7,64.9,11.4,73.0,24.82,1.81,8.74
2026-05-16 09:05:46,NeithaNitro,1,1,45.0,60.5,59.7,66.96,39.95,1.22,17.47
2026-05-16 09:15:46,NeithaNitro,1,1,43.5,57.4,85.7,62.68,23.89,3.26,18.41
2026-05-16 09:25:46,NeithaNitro,1,1,48.1,42.4,59.7,69.96,30.69,4.6,15.12
2026-05-16 09:35:46,NeithaNitro,1,1,69.2,48.3,64.9,63.52,50.33,0.87,2.68
2026-05-16 09:45:46,NeithaNitro,1,1,31.0,73.1,19.7,75.24,19.02,4.26,12.72
2026-05-16 09:55:46,NeithaNitro,1,1,58.4,82.5,57.1,60.4,65.36,1.32,16.32
2026-05-16 10:05:46,NeithaNitro,1,1,81.5,76.5,40.8,60.24,69.45,1.57,6.29
2026-05-16 10:15:46,NeithaNitro,1,1,91.8,69.3,77.0,52.38,37.87,1.41,14.82
2026-05-16 10:25:46,NeithaNitro,1,1,27.1,69.1,22.6,76.24,16.64,3.06,3.1
2026-05-16 10:35:46,NeithaNitro,1,1,66.3,44.8,16.3,74.52,94.74,3.81,6.98
2026-05-16 10:45:46,NeithaNitro,1,1,38.6,66.3,46.4,69.74,66.14,3.29,18.02
2026-05-16 10:55:46,NeithaNitro,1,1,64.1,70.2,14.5,70.24,71.07,1.11,4.39
2026-05-16 11:05:46,NeithaNitro,1,1,25.7,53.0,56.4,72.98,11.78,4.43,11.89
2026-05-16 11:15:46,NeithaNitro,1,1,40.7,94.5,35.9,65.78,74.67,4.77,14.57
2026-05-16 11:25:46,NeithaNitro,1,1,51.0,93.7,59.5,59.16,110.34,2.41,5.2
2026-05-16 11:35:46,NeithaNitro,1,1,39.4,75.5,72.3,62.56,84.5,1.76,5.92
2026-05-16 11:45:46,NeithaNitro,1,1,73.7,44.1,31.9,70.06,14.76,4.87,15.39
2026-05-16 11:55:46,NeithaNitro,1,1,74.2,49.5,82.9,58.68,16.93,1.02,5.59
2026-05-16 12:05:46,NeithaNitro,1,1,81.6,89.9,29.3,59.84,114.04,4.48,16.61
2026-05-16 12:15:46,NeithaNitro,1,1,85.1,46.3,84.8,56.76,63.62,4.43,19.52
2026-05-16 12:25:46,NeithaNitro,1,1,72.6,63.4,85.0,55.8,83.05,1.4,6.58
2026-05-16 12:35:46,NeithaNitro,1,1,86.2,89.3,13.1,62.28,79.03,3.69,2.58
2026-05-16 12:45:46,NeithaNitro,1,1,67.0,79.5,59.6,58.78,9.39,3.99,8.42
2026-05-16 12:55:46,NeithaNitro,1,1,26.5,52.8,31.9,77.76,108.59,0.78,9.75
2026-05-16 13:05:46,NeithaNitro,1,1,39.5,63.9,80.1,63.3,105.8,0.06,11.77
2026-05-16 13:15:46,NeithaNitro,1,1,88.7,79.6,13.3,63.68,20.23,2.31,16.55
2026-05-16 13:25:46,NeithaNitro,1,1,35.2,61.2,79.7,64.78,97.58,4.43,19.74
2026-05-16 13:35:46,NeithaNitro,1,1,49.1,65.9,32.3,70.54,82.37,4.65,15.64
2026-05-16 13:45:46,NeithaNitro,1,1,64.0,91.3,85.4,51.86,11.75,1.5,11.84
2026-05-16 13:55:46,NeithaNitro,1,1,20.3,94.9,81.1,60.74,23.25,0.28,14.07
2026-05-16 14:05:46,NeithaNitro,1,1,50.7,46.3,42.9,72.02,64.67,1.56,7.73
2026-05-16 14:15:46,NeithaNitro,1,1,74.6,52.9,88.1,56.88,35.35,2.6,19.05
2026-05-16 14:25:46,NeithaNitro,1,1,65.3,57.7,83.1,58.78,65.24,2.22,17.72
2026-05-16 14:35:46,NeithaNitro,1,1,60.5,56.4,40.4,68.54,92.48,3.37,16.35
2026-05-16 14:45:46,NeithaNitro,1,1,22.3,74.6,18.1,77.0,23.51,0.24,9.08
2026-05-16 14:55:46,NeithaNitro,1,1,68.3,94.6,16.6,64.1,54.48,3.07,11.77
2026-05-16 15:05:46,NeithaNitro,1,1,47.4,44.0,58.3,70.06,78.86,4.71,4.66
2026-05-16 15:15:46,NeithaNitro,1,1,83.8,57.6,80.4,55.64,101.87,3.63,8.24
2026-05-16 15:25:46,NeithaNitro,1,1,88.3,76.8,17.3,63.52,42.89,2.58,3.12
2026-05-16 15:35:46,NeithaNitro,1,1,41.7,55.5,27.9,74.98,54.54,2.23,13.8
2026-05-16 15:45:46,NeithaNitro,1,1,92.6,93.0,89.5,44.98,39.33,1.07,19.71
2026-05-16 15:55:46,NeithaNitro,1,1,72.3,95.9,12.3,63.9,92.36,1.14,5.38
2026-05-16 16:05:46,NeithaNitro,1,1,76.5,72.3,51.0,60.04,95.2,0.91,19.69
2026-05-16 16:15:46,NeithaNitro,1,1,44.0,49.8,40.7,73.1,11.01,1.81,3.55
2026-05-16 16:25:46,NeithaNitro,1,1,43.5,81.1,37.3,67.62,13.06,0.19,2.11
2026-05-16 16:35:46,NeithaNitro,1,1,86.2,47.0,48.1,63.74,69.12,2.12,11.39
2026-05-16 16:45:46,NeithaNitro,1,1,88.3,95.2,11.6,60.98,80.33,1.09,2.19
2026-05-16 16:55:46,NeithaNitro,1,1,84.0,97.2,39.0,55.96,30.07,2.76,7.43
2026-05-16 17:05:46,NeithaNitro,1,1,57.5,75.2,49.9,63.48,71.34,2.15,2.01
2026-05-16 17:15:46,NeithaNitro,1,1,67.4,47.8,41.4,68.68,56.87,3.57,10.59
2026-05-16 17:25:46,NeithaNitro,1,1,75.5,83.9,23.0,63.52,68.17,1.1,9.47
2026-05-16 17:35:46,NeithaNitro,1,1,33.8,73.4,42.8,70.0,114.31,0.72,8.99
2026-05-16 17:45:46,NeithaNitro,1,1,28.3,57.9,31.9,76.38,75.25,3.63,13.92
2026-05-16 17:55:46,NeithaNitro,1,1,62.1,78.8,43.2,63.18,5.54,0.68,15.38
2026-05-16 18:05:46,NeithaNitro,1,1,79.3,78.5,11.5,66.14,119.53,1.34,2.31
2026-05-16 18:15:46,NeithaNitro,1,1,71.1,74.3,13.2,68.28,105.65,3.14,3.01
2026-05-16 18:25:46,NeithaNitro,1,1,51.3,50.1,41.5,71.42,35.38,4.02,15.45
2026-05-16 18:35:46,NeithaNitro,1,1,23.7,59.9,49.2,73.44,18.45,3.72,13.26
2026-05-16 18:45:46,NeithaNitro,1,1,28.5,56.1,19.3,79.22,32.26,0.11,18.97
2026-05-16 18:55:46,NeithaNitro,1,1,23.3,61.3,53.3,72.42,11.75,3.4,2.6
2026-05-16 19:05:46,NeithaNitro,1,1,51.8,58.3,81.8,61.62,68.81,0.52,15.93
2026-05-16 19:15:46,NeithaNitro,1,1,37.8,85.8,52.5,64.78,104.27,1.05,12.83
2026-05-16 19:25:46,NeithaNitro,1,1,90.1,48.2,35.0,65.34,119.03,0.89,9.98
2026-05-16 19:35:46,NeithaNitro,1,1,26.8,40.8,66.0,73.28,31.58,3.07,9.07
2026-05-16 19:45:46,NeithaNitro,1,1,29.8,57.4,70.2,68.52,65.07,4.3,19.03
2026-05-16 19:55:46,NeithaNitro,1,1,72.9,65.3,22.2,67.92,27.12,3.8,19.36
2026-05-16 20:05:46,NeithaNitro,1,1,62.5,59.1,58.0,64.08,82.59,1.58,7.0
2026-05-16 20:15:46,NeithaNitro,1,1,35.3,55.4,21.6,77.54,119.64,3.2,7.06
2026-05-16 20:25:46,NeithaNitro,1,1,85.7,59.5,64.1,58.14,99.43,3.68,14.71
2026-05-16 20:35:46,NeithaNitro,1,1,48.4,50.2,47.9,70.7,105.12,2.51,11.25
2026-05-16 20:45:46,NeithaNitro,1,1,48.0,62.0,34.7,71.06,118.53,0.15,16.85
2026-05-16 20:55:46,NeithaNitro,1,1,80.0,46.6,18.1,71.06,65.11,2.07,5.94
2026-05-16 21:05:46,NeithaNitro,1,1,92.5,48.7,10.1,69.74,105.9,0.74,3.18
2026-05-16 21:15:46,NeithaNitro,1,1,37.4,81.7,48.4,66.5,31.69,4.9,11.68
2026-05-16 21:25:46,NeithaNitro,1,1,35.0,63.0,43.9,71.62,35.6,4.38,9.83
2026-05-16 21:35:46,NeithaNitro,1,1,66.9,82.8,85.7,52.92,100.72,0.43,8.61
2026-05-16 21:45:46,NeithaNitro,1,1,74.9,81.1,13.4,66.12,39.09,0.09,3.8
2026-05-16 21:55:46,NeithaNitro,1,1,89.2,87.1,47.0,55.34,111.37,2.34,16.37
2026-05-16 22:05:46,NeithaNitro,1,1,44.7,83.3,56.5,63.1,64.8,1.18,18.52
2026-05-16 22:15:46,NeithaNitro,1,1,21.6,91.6,51.9,66.98,50.03,3.27,7.51
2026-05-16 22:25:46,NeithaNitro,1,1,88.9,53.6,85.3,54.44,83.26,3.74,17.08
2026-05-16 22:35:46,NeithaNitro,1,1,60.7,56.3,76.0,61.4,115.4,1.78,19.7
2026-05-16 22:45:46,NeithaNitro,1,1,35.5,77.8,31.7,71.0,37.41,0.18,18.21
2026-05-16 22:55:46,NeithaNitro,1,1,48.3,80.0,21.9,69.96,89.53,2.92,2.62
2026-05-16 23:05:46,NeithaNitro,1,1,20.6,67.6,87.9,64.78,67.69,1.29,13.02
2026-05-16 23:15:46,NeithaNitro,1,1,93.7,71.3,30.5,60.9,7.19,3.82,19.47
2026-05-16 23:25:46,NeithaNitro,1,1,27.9,64.0,33.5,74.92,80.49,3.83,10.44
2026-05-16 23:35:46,NeithaNitro,1,1,65.5,58.8,34.2,68.3,85.85,3.94,7.18
2026-05-16 23:45:46,NeithaNitro,1,1,78.4,74.8,30.7,63.22,119.79,4.18,5.32
2026-05-16 23:55:46,NeithaNitro,1,1,40.5,70.5,78.2,62.16,99.91,2.89,6.98
2026-05-17 00:05:46,NeithaNitro,1,1,75.6,83.8,75.0,53.12,35.1,2.72,5.38
2026-05-17 00:15:46,NeithaNitro,1,1,85.6,74.6,31.2,61.72,23.78,4.6,6.18
2026-05-17 00:25:46,NeithaNitro,1,1,20.0,78.2,25.8,75.2,92.64,3.33,10.9
2026-05-17 00:35:46,NeithaNitro,1,1,70.8,79.7,36.1,62.68,63.48,4.91,19.57
2026-05-17 00:45:46,NeithaNitro,1,1,38.9,55.5,20.3,77.06,29.62,2.54,2.1
2026-05-17 00:55:46,NeithaNitro,1,1,94.0,44.9,44.2,63.38,107.41,2.74,16.06
2026-05-17 01:05:46,NeithaNitro,1,1,86.1,53.2,65.6,59.02,29.13,0.25,18.9
2026-05-17 01:15:46,NeithaNitro,1,1,72.1,43.9,10.5,74.7,51.54,0.67,8.51
2026-05-17 01:25:46,NeithaNitro,1,1,77.2,86.6,49.3,57.38,17.36,0.43,5.91
2026-05-17 01:35:46,NeithaNitro,1,1,40.7,46.3,45.2,73.56,107.15,0.44,6.2
2026-05-17 01:45:46,NeithaNitro,1,1,42.3,60.0,25.1,74.52,92.21,2.18,19.23
2026-05-17 01:55:46,NeithaNitro,1,1,61.4,88.4,43.4,61.36,11.77,2.56,4.84
2026-05-17 02:05:46,NeithaNitro,1,1,83.0,82.6,58.9,55.1,61.24,2.93,8.19
2026-05-17 02:15:46,NeithaNitro,1,1,66.4,62.5,21.9,69.84,46.62,0.89,15.49
2026-05-17 02:25:46,NeithaNitro,1,1,81.5,97.9,15.9,60.94,46.73,0.18,3.7
2026-05-17 02:35:46,NeithaNitro,1,1,85.9,98.0,78.8,47.46,91.16,4.11,4.52
2026-05-17 02:45:46,NeithaNitro,1,1,76.3,73.6,15.3,66.96,106.38,4.03,12.36
2026-05-17 02:55:46,NeithaNitro,1,1,28.1,83.6,16.0,74.46,69.37,3.35,7.29
2026-05-17 03:05:46,NeithaNitro,1,1,54.8,44.9,86.4,62.78,81.89,4.12,11.79
2026-05-17 03:15:46,NeithaNitro,1,1,25.3,66.4,59.2,69.82,70.05,2.71,13.91
2026-05-17 03:25:46,NeithaNitro,1,1,91.7,69.3,17.6,64.28,67.66,2.46,10.81
2026-05-17 03:35:46,NeithaNitro,1,1,52.9,54.4,52.6,68.02,56.74,1.66,15.81
2026-05-17 03:45:46,NeithaNitro,1,1,71.6,51.3,77.8,59.86,68.66,2.18,2.65
2026-05-17 03:55:46,NeithaNitro,1,1,49.4,88.7,26.3,67.12,28.81,4.46,8.08
2026-05-17 04:05:46,NeithaNitro,1,1,23.1,93.4,47.6,67.18,50.56,2.49,3.85
2026-05-17 04:15:46,NeithaNitro,1,1,61.6,81.4,61.7,59.06,46.7,4.21,19.85
2026-05-17 04:25:46,NeithaNitro,1,1,55.5,86.0,47.4,62.22,88.58,2.5,7.6
2026-05-17 04:35:46,NeithaNitro,1,1,75.1,65.4,17.5,68.4,66.07,2.08,10.79
2026-05-17 04:45:46,NeithaNitro,1,1,36.4,98.0,18.2,69.48,6.19,3.07,6.83
2026-05-17 04:55:46,NeithaNitro,1,1,31.0,61.6,87.0,64.08,20.53,0.32,4.76
2026-05-17 05:05:46,NeithaNitro,1,1,66.4,70.5,33.6,65.9,115.62,2.13,7.63
2026-05-17 05:15:46,NeithaNitro,1,1,59.7,64.1,81.1,59.02,118.22,4.85,17.76
2026-05-17 05:25:46,NeithaNitro,1,1,51.3,85.5,75.9,57.46,23.12,0.27,16.35
2026-05-17 05:35:46,NeithaNitro,1,1,64.1,58.3,10.6,73.4,57.97,3.23,2.35
2026-05-17 05:45:46,NeithaNitro,1,1,26.1,45.8,19.9,81.64,67.31,3.38,13.37
2026-05-17 05:55:46,NeithaNitro,1,1,50.3,55.3,49.6,68.96,116.99,1.2,9.23
2026-05-17 06:05:46,NeithaNitro,1,1,71.2,49.3,73.4,61.22,114.18,0.03,15.93
2026-05-17 06:15:46,NeithaNitro,1,1,53.9,87.1,74.7,56.86,40.14,1.53,17.24
2026-05-17 06:25:46,NeithaNitro,1,1,60.7,96.0,45.5,59.56,88.77,1.3,14.4
2026-05-17 06:35:46,NeithaNitro,1,1,20.7,55.2,35.9,77.64,60.91,2.44,4.71
2026-05-17 06:45:46,NeithaNitro,1,1,30.0,82.3,54.8,66.58,88.47,1.53,14.43
2026-05-17 06:55:46,NeithaNitro,1,1,47.5,75.0,22.9,70.92,65.23,0.26,19.42
2026-05-17 07:05:46,NeithaNitro,1,1,50.4,43.2,49.9,71.3,21.98,3.15,4.16
2026-05-17 07:15:46,NeithaNitro,1,1,38.8,80.5,31.4,69.86,32.99,1.76,17.79
2026-05-17 07:25:46,NeithaNitro,1,1,69.6,71.5,51.5,61.48,64.68,2.33,4.5
2026-05-17 07:35:46,NeithaNitro,1,1,62.8,74.9,87.8,54.9,49.04,4.87,16.69
2026-05-17 07:45:46,NeithaNitro,1,1,37.4,81.3,67.8,62.7,88.45,2.26,2.47
2026-05-17 07:55:46,NeithaNitro,1,1,27.1,93.8,57.7,64.28,54.28,4.07,6.85
2026-05-17 08:05:46,NeithaNitro,1,1,45.3,54.7,70.4,65.92,101.21,1.95,10.66
2026-05-17 08:15:46,NeithaNitro,1,1,21.7,50.6,68.8,71.78,107.62,2.34,18.22
2026-05-17 08:25:46,NeithaNitro,1,1,84.4,92.2,82.5,48.18,65.77,1.6,10.09
2026-05-17 08:35:46,NeithaNitro,1,1,72.9,60.0,41.1,65.2,20.83,1.13,7.41
2026-05-17 08:45:46,NeithaNitro,1,1,60.5,85.1,26.8,65.52,96.72,4.64,12.66
2026-05-17 08:55:46,NeithaNitro,1,1,50.3,64.3,37.0,69.68,40.33,4.8,13.71
2026-05-17 09:05:46,NeithaNitro,1,1,23.1,74.9,39.6,72.48,48.68,3.1,9.09
2026-05-17 09:15:46,NeithaNitro,1,1,95.0,72.0,38.9,58.82,22.24,4.4,6.45
2026-05-17 09:25:46,NeithaNitro,1,1,83.6,65.7,79.1,54.32,21.44,4.29,17.8
2026-05-17 09:35:46,NeithaNitro,1,1,79.4,69.2,86.2,53.04,35.13,4.61,19.75
2026-05-17 09:45:46,NeithaNitro,1,1,90.4,68.2,71.7,53.94,53.61,3.17,10.03
2026-05-17 09:55:46,NeithaNitro,1,1,65.7,81.0,84.1,53.84,87.92,2.48,12.39
2026-05-17 10:05:46,NeithaNitro,1,1,82.1,58.5,58.7,60.14,96.84,1.51,6.53
2026-05-17 10:15:46,NeithaNitro,1,1,87.8,51.8,17.8,68.52,35.24,2.36,4.82
2026-05-17 10:25:46,NeithaNitro,1,1,54.5,97.3,15.2,66.6,79.0,2.24,6.17
2026-05-17 10:35:46,NeithaNitro,1,1,58.5,75.7,10.0,71.16,24.26,3.77,13.65
2026-05-17 10:45:46,NeithaNitro,1,1,25.2,96.3,89.4,57.82,105.33,2.24,17.03
2026-05-17 10:55:46,NeithaNitro,1,1,30.1,90.0,75.7,60.84,107.56,1.34,8.81
2026-05-17 11:05:46,NeithaNitro,1,1,89.1,44.0,26.3,68.12,75.55,2.51,16.36
2026-05-17 11:15:46,NeithaNitro,1,1,87.3,45.6,54.2,62.58,99.68,3.04,14.24
2026-05-17 11:25:46,NeithaNitro,1,1,38.0,44.9,78.2,67.78,77.49,0.74,4.67
2026-05-17 11:35:46,NeithaNitro,1,1,79.8,67.9,87.2,53.02,41.98,0.45,19.13
2026-05-17 11:45:46,NeithaNitro,1,1,47.7,55.6,31.0,73.14,56.9,1.83,9.68
2026-05-17 11:55:46,NeithaNitro,1,1,49.6,43.3,12.7,78.88,91.02,3.0,9.89
2026-05-17 12:05:46,NeithaNitro,1,1,57.4,50.0,21.4,74.24,64.92,4.9,16.45
2026-05-17 12:15:46,NeithaNitro,1,1,67.9,50.6,44.0,67.5,20.89,1.47,12.37
2026-05-17 12:25:46,NeithaNitro,1,1,52.4,90.6,72.7,56.86,92.96,0.26,19.31
2026-05-17 12:35:46,NeithaNitro,1,1,77.9,95.1,68.1,51.78,6.14,3.48,8.76
2026-05-17 12:45:46,NeithaNitro,1,1,42.7,58.0,10.0,77.86,84.54,4.87,2.72
2026-05-17 12:55:46,NeithaNitro,1,1,26.1,96.3,48.5,65.82,83.33,4.39,7.45
2026-05-17 13:05:46,NeithaNitro,1,1,41.7,52.6,63.1,68.52,17.56,0.88,16.59
2026-05-17 13:15:46,NeithaNitro,1,1,68.0,92.5,71.5,53.6,95.62,3.71,10.1
2026-05-17 13:25:46,NeithaNitro,1,1,48.0,63.6,65.0,64.68,58.31,2.89,11.26
2026-05-17 13:35:46,NeithaNitro,1,1,37.5,82.6,62.5,63.48,59.49,2.05,14.25
2026-05-17 13:45:46,NeithaNitro,1,1,24.0,95.4,22.5,71.62,25.72,3.39,9.61
2026-05-17 13:55:46,NeithaNitro,1,1,76.9,89.4,65.1,53.72,96.25,1.76,7.45
2026-05-17 14:05:46,NeithaNitro,1,1,73.0,49.7,23.6,70.74,111.83,3.58,12.09
2026-05-17 14:15:46,NeithaNitro,1,1,21.7,76.7,14.1,77.5,62.55,4.92,15.36
2026-05-17 14:25:46,NeithaNitro,1,1,54.9,92.3,42.9,61.98,118.44,1.4,2.34
2026-05-17 14:35:46,NeithaNitro,1,1,20.5,65.3,82.8,66.28,39.01,4.23,10.49
2026-05-17 14:45:46,NeithaNitro,1,1,93.7,69.2,54.0,56.62,39.54,3.08,11.47
2026-05-17 14:55:46,NeithaNitro,1,1,72.2,63.4,50.8,62.72,41.51,0.44,19.14
2026-05-17 15:05:46,NeithaNitro,1,1,44.7,41.1,61.9,70.46,103.3,0.18,9.97
2026-05-17 15:15:46,NeithaNitro,1,1,76.6,43.2,32.2,69.6,24.06,0.19,16.86
2026-05-17 15:25:46,NeithaNitro,1,1,64.2,58.3,49.3,65.64,81.43,1.92,8.59
2026-05-17 15:35:46,NeithaNitro,1,1,48.3,47.3,56.5,69.58,46.5,0.18,13.65
2026-05-17 15:45:46,NeithaNitro,1,1,86.5,96.8,13.5,60.64,63.92,4.55,16.77
2026-05-17 15:55:46,NeithaNitro,1,1,32.0,73.1,80.6,62.86,69.63,3.08,10.98
2026-05-17 16:05:46,NeithaNitro,1,1,74.2,93.3,23.9,61.72,93.98,0.03,2.59
2026-05-17 16:15:46,NeithaNitro,1,1,29.4,46.9,65.0,71.74,41.2,1.01,3.4
2026-05-17 16:25:46,NeithaNitro,1,1,75.2,95.7,50.6,55.7,95.49,0.34,6.35
2026-05-17 16:35:46,NeithaNitro,1,1,62.2,82.7,17.9,67.44,109.74,2.12,5.29
2026-05-17 16:45:46,NeithaNitro,1,1,90.6,86.7,47.7,55.0,109.33,1.53,19.08
2026-05-17 16:55:46,NeithaNitro,1,1,63.4,48.0,40.1,69.7,60.59,3.36,11.29
2026-05-17 17:05:46,NeithaNitro,1,1,28.3,97.8,85.2,57.74,107.71,0.53,8.27
2026-05-17 17:15:46,NeithaNitro,1,1,44.6,68.0,45.3,68.42,53.33,3.27,3.82
2026-05-17 17:25:46,NeithaNitro,1,1,53.4,54.7,68.9,64.6,26.7,2.72,14.85
2026-05-17 17:35:46,NeithaNitro,1,1,20.4,44.6,89.4,69.12,62.38,0.83,16.3
2026-05-17 17:45:46,NeithaNitro,1,1,69.9,46.5,74.9,61.74,52.13,1.04,17.9
2026-05-17 17:55:46,NeithaNitro,1,1,68.2,84.7,81.5,53.12,19.67,1.66,17.02
2026-05-17 18:05:46,NeithaNitro,1,1,88.2,50.9,82.6,55.66,111.68,3.4,15.93
2026-05-17 18:15:46,NeithaNitro,1,1,45.7,63.1,47.4,68.76,6.83,2.73,9.9
2026-05-17 18:25:46,NeithaNitro,1,1,84.7,76.9,44.0,58.88,27.0,3.72,7.86
2026-05-17 18:35:46,NeithaNitro,1,1,29.5,88.2,13.4,73.78,72.38,1.76,7.5
2026-05-17 18:45:46,NeithaNitro,1,1,40.9,51.1,82.1,65.18,23.23,0.28,19.56
2026-05-17 18:55:46,NeithaNitro,1,1,85.4,65.2,81.1,53.66,26.08,0.15,11.75
2026-05-17 19:05:46,NeithaNitro,1,1,46.0,74.8,68.9,62.06,117.25,3.57,6.38
2026-05-17 19:15:46,NeithaNitro,1,1,68.7,40.3,41.1,69.98,69.7,2.02,7.73
2026-05-17 19:25:46,NeithaNitro,1,1,87.2,70.9,76.0,53.18,27.61,0.81,14.99
2026-05-17 19:35:46,NeithaNitro,1,1,32.9,63.3,38.3,73.1,44.54,4.13,11.19
2026-05-17 19:45:46,NeithaNitro,1,1,37.2,66.0,39.0,71.56,33.53,3.38,2.57
2026-05-17 19:55:46,NeithaNitro,1,1,66.6,86.4,63.4,56.72,88.54,4.74,6.9
2026-05-17 20:05:46,NeithaNitro,1,1,36.8,58.6,65.1,67.9,52.44,3.29,10.73
2026-05-17 20:15:46,NeithaNitro,1,1,59.9,86.2,45.5,61.68,8.28,3.86,7.03
2026-05-17 20:25:46,NeithaNitro,1,1,78.4,60.9,37.4,64.66,91.91,1.99,12.78
2026-05-17 20:35:46,NeithaNitro,1,1,50.7,86.0,78.5,56.96,58.19,2.11,17.0
2026-05-17 20:45:46,NeithaNitro,1,1,82.2,90.2,38.8,57.76,20.51,2.84,16.42
2026-05-17 20:55:46,NeithaNitro,1,1,49.7,92.1,58.1,60.02,114.04,0.63,19.53
2026-05-17 21:05:46,NeithaNitro,1,1,22.9,85.6,83.0,61.7,7.67,3.71,18.93
2026-05-17 21:15:46,NeithaNitro,1,1,24.4,64.7,83.3,65.52,80.86,0.76,7.42
2026-05-17 21:25:46,NeithaNitro,1,1,29.7,80.2,56.4,66.74,45.53,4.66,10.89
2026-05-17 21:35:46,NeithaNitro,1,1,22.0,53.3,23.8,80.18,5.94,1.51,7.83
2026-05-17 21:45:46,NeithaNitro,1,1,49.8,57.1,65.2,65.58,88.72,0.31,18.96
2026-05-17 21:55:46,NeithaNitro,1,1,67.5,54.8,89.8,57.58,98.65,2.59,8.53
2026-05-17 22:05:46,NeithaNitro,1,1,40.3,60.3,75.9,64.7,33.01,2.22,17.99
2026-05-17 22:15:46,NeithaNitro,1,1,22.0,76.7,87.6,62.74,95.66,2.22,9.57
2026-05-17 22:25:46,NeithaNitro,1,1,68.4,87.0,22.7,64.38,19.0,0.25,8.48
2026-05-17 22:35:46,NeithaNitro,1,1,54.0,95.7,85.0,53.06,101.39,2.71,17.8
2026-05-17 22:45:46,NeithaNitro,1,1,34.2,54.2,87.9,64.74,60.32,1.1,15.64
2026-05-17 22:55:46,NeithaNitro,1,1,83.3,52.5,52.1,62.42,93.81,4.19,14.06
2026-05-17 23:05:46,NeithaNitro,1,1,26.1,68.0,40.2,73.14,119.51,2.73,4.84
2026-05-17 23:15:46,NeithaNitro,1,1,33.6,89.1,14.0,72.66,25.32,2.78,10.61
2026-05-17 23:25:46,NeithaNitro,1,1,51.7,60.2,25.5,72.52,70.69,2.6,16.61
2026-05-17 23:35:46,NeithaNitro,1,1,73.4,51.7,62.2,62.54,10.27,3.24,16.14
2026-05-17 23:45:46,NeithaNitro,1,1,66.8,67.6,26.7,67.78,22.18,2.12,18.51
2026-05-17 23:55:46,NeithaNitro,1,1,56.7,74.2,64.6,60.9,53.51,3.56,10.54
2026-05-18 00:05:46,NeithaNitro,1,1,44.7,96.7,60.6,59.6,91.15,3.71,19.2
2026-05-18 00:15:46,NeithaNitro,1,1,67.6,71.2,58.9,60.46,7.59,4.05,7.07
2026-05-18 00:25:46,NeithaNitro,1,1,92.6,73.6,77.9,51.18,61.88,3.84,6.04
2026-05-18 00:35:46,NeithaNitro,1,1,24.1,59.1,71.9,68.98,113.55,1.14,12.96
2026-05-18 00:45:46,NeithaNitro,1,1,23.8,44.3,81.1,70.16,119.58,1.85,2.62
2026-05-18 00:55:46,NeithaNitro,1,1,94.8,95.8,29.0,56.08,25.45,0.22,6.82
2026-05-18 01:05:46,NeithaNitro,1,1,51.9,72.0,85.5,58.12,58.95,3.55,14.19
2026-05-18 01:15:46,NeithaNitro,1,1,64.7,48.6,48.4,67.66,43.53,1.85,16.78
2026-05-18 01:25:46,NeithaNitro,1,1,79.4,56.2,70.1,58.86,87.75,1.94,8.92
2026-05-18 01:35:46,NeithaNitro,1,1,44.4,47.1,60.6,69.58,51.52,4.45,2.15
2026-05-18 01:45:46,NeithaNitro,1,1,46.9,91.4,55.0,61.34,98.76,2.75,2.7
2026-05-18 01:55:46,NeithaNitro,1,1,62.5,93.3,16.2,65.6,96.58,2.97,6.21
2026-05-18 02:05:46,NeithaNitro,1,1,64.8,62.6,71.7,60.18,52.08,4.64,15.86
2026-05-18 02:15:46,NeithaNitro,1,1,75.9,67.5,30.7,65.18,79.59,2.88,15.65
2026-05-18 02:25:46,NeithaNitro,1,1,38.8,93.6,77.2,58.08,6.3,1.57,7.95
2026-05-18 02:35:46,NeithaNitro,1,1,49.0,94.2,66.9,57.98,23.7,1.42,8.82
2026-05-18 02:45:46,NeithaNitro,1,1,66.5,54.9,88.1,58.1,23.31,1.5,15.41
2026-05-18 02:55:46,NeithaNitro,1,1,66.3,96.6,59.5,55.52,52.49,3.48,8.57
2026-05-18 03:05:46,NeithaNitro,1,1,82.9,47.5,57.6,62.4,5.59,1.38,5.05
2026-05-18 03:15:46,NeithaNitro,1,1,90.0,61.5,41.6,61.38,12.45,1.08,18.96
2026-05-18 03:25:46,NeithaNitro,1,1,46.1,94.6,48.6,62.14,37.3,2.31,9.87
2026-05-18 03:35:46,NeithaNitro,1,1,69.1,91.4,54.0,57.1,55.52,2.29,2.7
2026-05-18 03:45:46,NeithaNitro,1,1,35.3,79.3,73.2,62.44,60.81,1.64,17.5
2026-05-18 03:55:46,NeithaNitro,1,1,49.8,84.9,37.8,65.5,27.37,0.43,19.36
2026-05-18 04:05:46,NeithaNitro,1,1,45.9,89.8,52.6,62.34,89.72,2.88,16.6
2026-05-18 04:15:46,NeithaNitro,1,1,26.4,89.3,37.9,69.28,63.64,3.76,14.2
2026-05-18 04:25:46,NeithaNitro,1,1,46.3,67.3,55.3,66.22,59.23,4.44,18.51
2026-05-18 04:35:46,NeithaNitro,1,1,38.6,55.8,83.8,64.36,23.54,4.56,3.89
2026-05-18 04:45:46,NeithaNitro,1,1,68.3,54.1,27.9,69.94,72.87,1.82,11.33
2026-05-18 04:55:46,NeithaNitro,1,1,85.0,65.6,79.0,54.08,97.18,1.34,3.25
2026-05-18 05:05:46,NeithaNitro,1,1,68.9,51.1,67.0,62.6,16.15,3.9,13.13
2026-05-18 05:15:46,NeithaNitro,1,1,88.6,63.6,13.8,66.8,56.19,4.93,10.3
2026-05-18 05:25:46,NeithaNitro,1,1,45.3,53.4,32.0,73.86,82.63,1.79,19.29
2026-05-18 05:35:46,NeithaNitro,1,1,28.3,82.3,71.8,63.52,116.29,1.89,10.83
2026-05-18 05:45:46,NeithaNitro,1,1,22.2,58.5,47.1,74.44,54.12,4.59,4.94
2026-05-18 05:55:46,NeithaNitro,1,1,66.0,93.7,77.3,52.6,9.14,2.17,18.21
2026-05-18 06:05:46,NeithaNitro,1,1,49.3,60.1,55.1,67.1,20.77,4.54,17.75
2026-05-18 06:15:46,NeithaNitro,1,1,34.0,77.5,11.4,75.42,42.7,0.23,3.19
2026-05-18 06:25:46,NeithaNitro,1,1,71.3,93.4,78.0,51.46,67.87,4.57,15.21
2026-05-18 06:35:46,NeithaNitro,1,1,69.8,44.1,32.4,70.74,102.12,1.47,12.79
2026-05-18 06:45:46,NeithaNitro,1,1,87.0,50.5,70.5,58.4,34.42,4.73,15.34
2026-05-18 06:55:46,NeithaNitro,1,1,21.1,66.3,69.8,68.56,99.3,1.82,2.64
2026-05-18 07:05:46,NeithaNitro,1,1,61.9,51.8,21.3,73.0,38.98,4.3,6.51
2026-05-18 07:15:46,NeithaNitro,1,1,44.1,80.6,46.5,65.76,54.34,3.16,4.74
2026-05-18 07:25:46,NeithaNitro,1,1,53.0,71.2,25.9,69.98,43.52,3.08,15.67
2026-05-18 07:35:46,NeithaNitro,1,1,43.4,76.4,45.4,66.96,108.28,1.45,5.37
2026-05-18 07:45:46,NeithaNitro,1,1,75.2,96.6,69.7,51.7,113.45,2.04,8.58
2026-05-18 07:55:46,NeithaNitro,1,1,75.1,57.4,60.9,61.32,111.88,0.93,15.03
2026-05-18 08:05:46,NeithaNitro,1,1,53.7,54.6,32.5,71.84,81.37,2.54,7.34
2026-05-18 08:15:46,NeithaNitro,1,1,28.3,94.0,19.0,71.74,87.61,1.37,12.4
2026-05-18 08:25:46,NeithaNitro,1,1,32.3,53.7,39.8,74.84,70.39,1.29,9.51
2026-05-18 08:35:46,NeithaNitro,1,1,46.1,46.8,16.5,78.12,117.33,0.89,19.38
2026-05-18 08:45:46,NeithaNitro,1,1,53.5,79.1,66.5,60.18,52.33,2.68,7.43
2026-05-18 08:55:46,NeithaNitro,1,1,40.0,80.5,40.9,67.72,100.98,1.74,5.98
2026-05-18 09:05:46,NeithaNitro,1,1,60.8,75.8,38.8,64.92,66.97,3.47,3.09
2026-05-18 09:15:46,NeithaNitro,1,1,87.9,51.4,80.7,56.0,46.9,0.27,17.24
2026-05-18 09:25:46,NeithaNitro,1,1,49.9,58.4,16.0,75.14,33.92,0.56,14.83
2026-05-18 09:35:46,NeithaNitro,1,1,36.9,79.6,31.3,70.44,48.89,3.15,5.58
2026-05-18 09:45:46,NeithaNitro,1,1,24.7,44.9,69.0,72.28,101.59,2.57,6.89
2026-05-18 09:55:46,NeithaNitro,1,1,54.5,49.7,75.7,64.02,48.61,3.23,18.7
2026-05-18 10:05:46,NeithaNitro,1,1,69.1,71.2,89.3,54.08,77.11,1.98,13.21
2026-05-18 10:15:46,NeithaNitro,1,1,31.5,83.8,72.1,62.52,12.54,4.65,18.9
2026-05-18 10:25:46,NeithaNitro,1,1,45.7,69.3,60.8,64.84,21.29,1.72,10.92
2026-05-18 10:35:46,NeithaNitro,1,1,82.1,50.0,78.9,57.8,89.06,0.29,3.2
2026-05-18 10:45:46,NeithaNitro,1,1,48.3,92.0,50.0,61.94,60.75,0.18,15.8
2026-05-18 10:55:46,NeithaNitro,1,1,69.2,72.7,41.1,63.4,71.14,0.61,11.69
2026-05-18 11:05:46,NeithaNitro,1,1,65.5,83.8,67.2,56.7,16.67,0.43,13.18
2026-05-18 11:15:46,NeithaNitro,1,1,23.3,78.0,83.2,63.1,15.64,3.09,10.56
2026-05-18 11:25:46,NeithaNitro,1,1,80.1,47.6,68.7,60.72,117.89,4.89,14.92
2026-05-18 11:35:46,NeithaNitro,1,1,27.5,64.9,37.3,74.06,35.11,2.91,14.8
2026-05-18 11:45:46,NeithaNitro,1,1,57.8,95.1,82.8,52.86,75.52,2.72,8.33
2026-05-18 11:55:46,NeithaNitro,1,1,73.5,43.1,15.7,73.54,58.48,3.88,19.64
2026-05-18 12:05:46,NeithaNitro,1,1,47.3,59.6,27.2,73.18,62.19,1.65,2.01
2026-05-18 12:15:46,NeithaNitro,1,1,87.6,41.9,88.9,56.32,46.17,0.97,3.88
2026-05-18 12:25:46,NeithaNitro,1,1,58.9,48.2,48.3,68.92,105.47,2.86,5.95
2026-05-18 12:35:46,NeithaNitro,1,1,82.8,45.2,51.5,64.1,57.69,3.49,18.61
2026-05-18 12:45:46,NeithaNitro,1,1,27.7,73.1,20.1,75.82,97.95,1.47,17.9
2026-05-18 12:55:46,NeithaNitro,1,1,74.1,88.8,36.7,60.08,83.53,1.04,19.04
2026-05-18 13:05:46,NeithaNitro,1,1,37.0,43.8,58.9,72.06,92.82,0.8,2.65
2026-05-18 13:15:46,NeithaNitro,1,1,23.9,42.3,36.2,79.52,73.09,4.84,19.87
2026-05-18 13:25:46,NeithaNitro,1,1,27.2,90.7,80.4,60.34,24.68,1.72,12.56
2026-05-18 13:35:46,NeithaNitro,1,1,94.0,78.2,57.1,54.14,50.39,4.31,17.89
2026-05-18 13:45:46,NeithaNitro,1,1,80.5,57.1,15.5,69.38,101.36,0.0,6.5
2026-05-18 13:55:46,NeithaNitro,1,1,90.6,46.5,44.7,63.64,89.92,1.58,16.89
2026-05-18 14:05:46,NeithaNitro,1,1,90.7,52.7,37.4,63.84,49.2,3.92,4.82
2026-05-18 14:15:46,NeithaNitro,1,1,42.9,56.7,63.5,67.38,93.26,3.22,7.28
2026-05-18 14:25:46,NeithaNitro,1,1,83.4,80.6,50.2,57.16,94.98,4.59,17.17
2026-05-18 14:35:46,NeithaNitro,1,1,43.9,47.5,62.6,69.2,53.26,0.21,7.47
2026-05-18 14:45:46,NeithaNitro,1,1,51.0,45.3,15.3,77.68,110.37,3.61,3.85
2026-05-18 14:55:46,NeithaNitro,1,1,36.8,69.4,44.5,69.86,6.74,1.57,17.41
2026-05-18 15:05:46,NeithaNitro,1,1,26.7,94.7,73.5,61.02,93.57,1.72,9.14
2026-05-18 15:15:46,NeithaNitro,1,1,22.3,64.0,53.7,72.0,67.44,0.64,6.02
2026-05-18 15:25:46,NeithaNitro,1,1,64.0,97.5,71.9,53.32,111.97,4.63,18.5
2026-05-18 15:35:46,NeithaNitro,1,1,29.4,40.5,43.2,77.38,90.17,2.62,17.52
2026-05-18 15:45:46,NeithaNitro,1,1,91.3,60.7,34.5,62.7,97.95,1.66,15.26
2026-05-18 15:55:46,NeithaNitro,1,1,47.0,40.0,59.6,70.68,107.47,3.33,2.12
2026-05-18 16:05:46,NeithaNitro,1,1,42.0,94.4,58.5,61.02,82.37,4.28,16.08
2026-05-18 16:15:46,NeithaNitro,1,1,27.5,84.5,60.2,65.56,92.61,1.39,13.39
2026-05-18 16:25:46,NeithaNitro,1,1,25.4,97.8,11.8,73.0,103.46,0.9,14.31
2026-05-18 16:35:46,NeithaNitro,1,1,37.3,79.1,43.0,68.12,70.84,4.56,11.67
2026-05-18 16:45:46,NeithaNitro,1,1,46.1,59.3,17.5,75.42,25.55,1.97,5.93
2026-05-18 16:55:46,NeithaNitro,1,1,28.1,77.7,50.3,68.78,20.86,2.69,16.99
2026-05-18 17:05:46,NeithaNitro,1,1,78.4,54.3,27.0,68.06,46.95,0.66,11.34
2026-05-18 17:15:46,NeithaNitro,1,1,24.2,46.2,47.0,76.52,21.04,3.96,16.79
2026-05-18 17:25:46,NeithaNitro,1,1,58.9,60.1,22.8,71.64,29.11,2.29,2.63
2026-05-18 17:35:46,NeithaNitro,1,1,63.3,43.7,48.2,68.96,109.71,3.61,19.99
2026-05-18 17:45:46,NeithaNitro,1,1,94.7,48.4,48.7,61.64,42.48,3.29,10.85
2026-05-18 17:55:46,NeithaNitro,1,1,37.2,97.3,44.6,64.18,59.66,3.49,17.99
2026-05-18 18:05:46,NeithaNitro,1,1,84.6,79.3,30.1,61.2,82.35,2.82,13.77
2026-05-18 18:15:46,NeithaNitro,1,1,59.6,64.1,87.8,57.7,91.71,2.62,7.83
2026-05-18 18:25:46,NeithaNitro,1,1,67.4,91.6,38.8,60.44,60.28,1.3,18.51
2026-05-18 18:35:46,NeithaNitro,1,1,58.0,75.4,68.1,59.7,81.58,2.31,15.28
2026-05-18 18:45:46,NeithaNitro,1,1,39.1,51.2,22.0,77.54,85.89,1.51,13.6
2026-05-18 18:55:46,NeithaNitro,1,1,27.4,72.2,80.8,63.92,31.91,2.87,10.63
2026-05-18 19:05:46,NeithaNitro,1,1,20.1,59.6,27.3,78.6,108.32,4.49,12.53
2026-05-18 19:15:46,NeithaNitro,1,1,24.2,77.9,71.5,65.28,73.11,2.93,12.27
2026-05-18 19:25:46,NeithaNitro,1,1,75.0,81.6,83.8,51.92,71.51,1.75,15.02
2026-05-18 19:35:46,NeithaNitro,1,1,69.9,80.4,14.7,67.0,26.63,3.66,12.24
2026-05-18 19:45:46,NeithaNitro,1,1,94.8,93.5,56.7,51.0,101.42,0.04,18.29
2026-05-18 19:55:46,NeithaNitro,1,1,54.0,52.3,31.6,72.42,66.1,0.56,11.83
2026-05-18 20:05:46,NeithaNitro,1,1,46.7,78.5,72.1,60.54,63.12,3.77,5.11
2026-05-18 20:15:46,NeithaNitro,1,1,38.8,71.5,57.1,66.52,6.53,0.24,4.83
2026-05-18 20:25:46,NeithaNitro,1,1,29.0,40.4,19.7,82.18,91.98,1.88,15.59
2026-05-18 20:35:46,NeithaNitro,1,1,37.3,67.2,76.8,63.74,44.96,1.83,10.02
2026-05-18 20:45:46,NeithaNitro,1,1,51.6,77.6,22.2,69.72,41.51,2.97,5.19
2026-05-18 20:55:46,NeithaNitro,1,1,20.5,87.6,48.9,68.6,36.74,4.68,10.31
2026-05-18 21:05:46,NeithaNitro,1,1,31.2,61.7,83.7,64.68,52.51,0.07,14.62
2026-05-18 21:15:46,NeithaNitro,1,1,56.5,66.4,34.1,68.6,14.78,1.7,5.12
2026-05-18 21:25:46,NeithaNitro,1,1,25.4,85.9,11.6,75.42,49.15,4.42,5.07
2026-05-18 21:35:46,NeithaNitro,1,1,51.0,57.1,24.8,73.42,62.4,2.71,13.91
2026-05-18 21:45:46,NeithaNitro,1,1,65.3,94.1,82.3,51.66,89.81,2.58,16.14
2026-05-18 21:55:46,NeithaNitro,1,1,43.0,75.7,28.1,70.64,83.06,3.89,7.54
2026-05-18 22:05:46,NeithaNitro,1,1,91.4,57.6,17.6,66.68,96.66,3.04,2.23
2026-05-18 22:15:46,NeithaNitro,1,1,83.8,68.9,38.5,61.76,111.33,3.23,12.56
2026-05-18 22:25:46,NeithaNitro,1,1,70.7,79.0,22.0,65.66,25.86,4.49,8.56
2026-05-18 22:35:46,NeithaNitro,1,1,24.5,42.0,17.4,83.22,61.31,2.15,13.21
2026-05-18 22:45:46,NeithaNitro,1,1,73.8,48.9,55.7,64.32,62.3,2.71,8.06
2026-05-18 22:55:46,NeithaNitro,1,1,90.4,84.6,33.2,58.36,72.14,3.92,13.95
2026-05-18 23:05:46,NeithaNitro,1,1,35.3,83.9,36.9,68.78,8.63,3.03,17.08
2026-05-18 23:15:46,NeithaNitro,1,1,68.2,78.7,71.0,56.42,79.35,2.9,5.97
2026-05-18 23:25:46,NeithaNitro,1,1,72.3,79.4,68.4,55.98,102.38,3.62,18.57
2026-05-18 23:35:46,NeithaNitro,1,1,54.8,71.3,41.7,66.44,55.33,2.42,7.65
2026-05-18 23:45:46,NeithaNitro,1,1,71.7,83.6,86.2,51.7,76.82,2.39,2.83
2026-05-18 23:55:46,NeithaNitro,1,1,24.9,52.8,62.8,71.9,38.84,0.32,13.94
2026-05-19 00:05:46,NeithaNitro,1,1,55.8,70.4,58.4,63.08,26.01,3.58,9.7
2026-05-19 00:15:46,NeithaNitro,1,1,30.5,93.7,37.6,67.64,43.79,1.9,3.15
2026-05-19 00:25:46,NeithaNitro,1,1,81.9,65.7,69.2,56.64,25.01,2.94,8.73
2026-05-19 00:35:46,NeithaNitro,1,1,47.0,60.3,50.8,68.38,93.62,0.82,5.06
2026-05-19 00:45:46,NeithaNitro,1,1,94.7,45.8,19.9,67.92,113.66,2.41,12.18
2026-05-19 00:55:46,NeithaNitro,1,1,71.0,89.6,13.6,65.16,12.37,4.78,16.53
2026-05-19 01:05:46,NeithaNitro,1,1,41.3,51.8,25.8,76.22,33.82,1.27,2.88
2026-05-19 01:15:46,NeithaNitro,1,1,42.7,86.7,15.1,71.1,106.09,3.02,8.25
2026-05-19 01:25:46,NeithaNitro,1,1,53.8,88.7,16.8,68.14,40.79,0.09,13.02
2026-05-19 01:35:46,NeithaNitro,1,1,84.9,86.6,68.5,52.0,39.11,0.99,5.85
2026-05-19 01:45:46,NeithaNitro,1,1,30.3,66.7,58.2,68.96,42.24,3.43,3.81
2026-05-19 01:55:46,NeithaNitro,1,1,71.4,91.3,51.8,57.1,6.92,3.89,2.28
2026-05-19 02:05:46,NeithaNitro,1,1,22.8,95.8,41.1,68.06,70.43,0.85,9.18
2026-05-19 02:15:46,NeithaNitro,1,1,78.7,42.7,82.1,59.3,82.12,0.76,10.26
2026-05-19 02:25:46,NeithaNitro,1,1,63.8,40.8,87.4,61.6,61.08,0.49,9.52
2026-05-19 02:35:46,NeithaNitro,1,1,68.4,77.3,52.6,60.34,49.11,1.12,18.9
2026-05-19 02:45:46,NeithaNitro,1,1,80.9,82.6,24.5,62.4,74.98,2.25,12.93
2026-05-19 02:55:46,NeithaNitro,1,1,65.9,53.0,75.5,61.12,11.87,4.86,18.01
2026-05-19 03:05:46,NeithaNitro,1,1,36.4,65.3,34.2,72.82,38.45,0.32,12.19
2026-05-19 03:15:46,NeithaNitro,1,1,69.3,68.8,89.3,54.52,82.47,2.3,3.91
2026-05-19 03:25:46,NeithaNitro,1,1,38.8,97.9,50.3,62.6,92.6,0.47,15.38
2026-05-19 03:35:46,NeithaNitro,1,1,61.9,61.7,60.6,63.16,66.7,0.21,8.0
2026-05-19 03:45:46,NeithaNitro,1,1,76.6,64.0,52.0,61.48,108.94,4.27,7.03
2026-05-19 03:55:46,NeithaNitro,1,1,75.9,89.3,35.7,59.82,112.39,4.8,13.43
2026-05-19 04:05:46,NeithaNitro,1,1,72.5,93.8,40.6,58.62,117.93,0.95,15.47
2026-05-19 04:15:46,NeithaNitro,1,1,64.7,70.6,74.1,58.12,91.54,3.15,10.3
2026-05-19 04:25:46,NeithaNitro,1,1,79.4,77.7,25.6,63.46,27.1,4.32,6.8
2026-05-19 04:35:46,NeithaNitro,1,1,61.2,69.5,59.6,61.94,65.41,2.26,12.13
2026-05-19 04:45:46,NeithaNitro,1,1,63.4,51.6,23.8,72.24,98.4,3.69,18.21
2026-05-19 04:55:46,NeithaNitro,1,1,61.5,97.7,21.1,63.94,40.37,1.25,2.76
2026-05-19 05:05:46,NeithaNitro,1,1,64.1,76.3,88.8,54.16,75.66,1.14,18.79
2026-05-19 05:15:46,NeithaNitro,1,1,21.7,54.0,17.4,81.38,118.34,0.12,12.83
2026-05-19 05:25:46,NeithaNitro,1,1,38.0,91.0,10.5,72.1,35.3,1.21,6.72
2026-05-19 05:35:46,NeithaNitro,1,1,83.1,46.1,56.2,62.92,117.8,1.31,17.71
2026-05-19 05:45:46,NeithaNitro,1,1,66.0,80.7,60.0,58.66,39.26,2.35,14.37
2026-05-19 05:55:46,NeithaNitro,1,1,34.9,94.7,82.0,57.68,10.76,1.89,15.87
2026-05-19 06:05:46,NeithaNitro,1,1,32.2,70.3,26.2,74.26,76.17,2.1,6.23
2026-05-19 06:15:46,NeithaNitro,1,1,59.2,42.7,79.0,63.82,74.11,2.86,7.13
2026-05-19 06:25:46,NeithaNitro,1,1,66.4,47.4,51.5,66.94,81.65,2.95,16.02
2026-05-19 06:35:46,NeithaNitro,1,1,87.7,75.3,40.5,59.3,106.69,1.57,8.54
2026-05-19 06:45:46,NeithaNitro,1,1,37.2,97.5,10.1,71.04,27.8,0.4,15.43
2026-05-19 06:55:46,NeithaNitro,1,1,58.6,72.4,34.5,66.9,29.73,0.04,5.27
2026-05-19 07:05:46,NeithaNitro,1,1,25.7,89.0,38.1,69.44,27.11,4.83,14.71
2026-05-19 07:15:46,NeithaNitro,1,1,65.6,56.1,42.1,67.24,48.56,2.84,11.5
2026-05-19 07:25:46,NeithaNitro,1,1,82.6,84.6,49.5,56.66,56.09,2.86,7.13
2026-05-19 07:35:46,NeithaNitro,1,1,62.6,81.0,82.4,54.8,7.56,1.71,4.95
2026-05-19 07:45:46,NeithaNitro,1,1,90.4,74.3,70.5,52.96,13.52,3.08,5.58
2026-05-19 07:55:46,NeithaNitro,1,1,83.9,42.0,47.2,65.38,87.96,0.21,16.58
2026-05-19 08:05:46,NeithaNitro,1,1,72.8,91.8,19.3,63.22,52.88,2.44,2.06
2026-05-19 08:15:46,NeithaNitro,1,1,53.7,58.4,21.2,73.34,89.31,4.03,5.15
2026-05-19 08:25:46,NeithaNitro,1,1,31.1,64.7,13.6,78.12,67.31,4.94,5.97
2026-05-19 08:35:46,NeithaNitro,1,1,65.1,53.3,12.2,73.88,106.59,4.02,11.49
2026-05-19 08:45:46,NeithaNitro,1,1,59.4,52.7,47.1,68.16,21.98,2.28,10.97
2026-05-19 08:55:46,NeithaNitro,1,1,64.7,47.2,36.5,70.32,31.36,3.11,19.13
2026-05-19 09:05:46,NeithaNitro,1,1,66.6,93.8,31.2,61.68,71.86,2.85,5.57
2026-05-19 09:15:46,NeithaNitro,1,1,40.0,93.5,26.0,68.1,66.2,1.56,14.77
2026-05-19 09:25:46,NeithaNitro,1,1,41.2,70.0,26.3,72.5,28.33,1.89,7.37
2026-05-19 09:35:46,NeithaNitro,1,1,74.3,87.5,13.5,64.94,102.79,3.62,11.32
2026-05-19 09:45:46,NeithaNitro,1,1,95.0,40.8,82.5,56.34,29.74,0.56,7.23
2026-05-19 09:55:46,NeithaNitro,1,1,84.5,66.2,42.6,61.34,20.03,1.14,7.36
2026-05-19 10:05:46,NeithaNitro,1,1,56.7,60.2,47.2,67.18,21.92,1.05,19.52
2026-05-19 10:15:46,NeithaNitro,1,1,92.3,68.6,42.0,59.42,76.09,4.12,13.05
2026-05-19 10:25:46,NeithaNitro,1,1,20.4,81.0,54.3,68.86,93.29,1.41,11.83
2026-05-19 10:35:46,NeithaNitro,1,1,88.9,82.8,61.0,53.46,96.42,1.81,4.99
2026-05-19 10:45:46,NeithaNitro,1,1,83.9,88.0,32.6,59.1,53.18,2.39,9.83
2026-05-19 10:55:46,NeithaNitro,1,1,57.8,72.9,56.2,62.62,38.15,2.82,6.15
2026-05-19 11:05:46,NeithaNitro,1,1,46.0,64.6,50.3,67.82,42.64,2.12,4.61
2026-05-19 11:15:46,NeithaNitro,1,1,64.6,78.9,24.7,66.36,49.06,0.3,13.11
2026-05-19 11:25:46,NeithaNitro,1,1,74.2,57.7,73.3,58.96,55.43,1.63,19.02
2026-05-19 11:35:46,NeithaNitro,1,1,52.7,76.9,73.4,59.4,94.7,3.99,11.33
2026-05-19 11:45:46,NeithaNitro,1,1,51.8,71.1,79.4,59.54,93.19,2.48,12.8
2026-05-19 11:55:46,NeithaNitro,1,1,64.6,88.1,21.6,65.14,33.97,3.98,19.94
2026-05-19 12:05:46,NeithaNitro,1,1,67.2,86.6,50.0,59.24,59.59,1.41,11.47
2026-05-19 12:15:46,NeithaNitro,1,1,72.1,63.0,81.9,56.6,78.72,4.1,16.24
2026-05-19 12:25:46,NeithaNitro,1,1,75.1,91.4,68.8,52.94,9.12,4.77,15.76
2026-05-19 12:35:46,NeithaNitro,1,1,84.9,51.0,59.0,61.02,27.71,0.34,6.53
2026-05-19 12:45:46,NeithaNitro,1,1,28.2,96.3,31.9,68.72,31.32,3.61,12.64
2026-05-19 12:55:46,NeithaNitro,1,1,23.1,71.1,89.5,63.26,109.39,0.81,11.85
2026-05-19 13:05:46,NeithaNitro,1,1,21.6,83.2,26.5,73.74,74.28,4.87,15.3
2026-05-19 13:15:46,NeithaNitro,1,1,47.4,88.1,39.2,65.06,41.72,4.63,4.09
2026-05-19 13:25:46,NeithaNitro,1,1,76.6,90.4,49.2,56.76,56.09,2.11,2.61
2026-05-19 13:35:46,NeithaNitro,1,1,39.4,77.6,54.2,65.76,80.55,2.15,12.85
2026-05-19 13:45:46,NeithaNitro,1,1,84.7,70.6,17.7,65.4,77.08,0.05,6.12
2026-05-19 13:55:46,NeithaNitro,1,1,94.7,48.2,44.5,62.52,71.94,1.99,12.7
2026-05-19 14:05:46,NeithaNitro,1,1,57.6,90.0,86.4,53.2,66.94,0.92,8.99
2026-05-19 14:15:46,NeithaNitro,1,1,25.2,92.9,28.3,70.72,64.75,1.79,4.67
2026-05-19 14:25:46,NeithaNitro,1,1,24.0,66.3,26.0,76.74,13.78,1.6,9.52
2026-05-19 14:35:46,NeithaNitro,1,1,39.4,53.7,40.2,73.34,103.98,3.26,17.66
2026-05-19 14:45:46,NeithaNitro,1,1,84.3,92.6,58.8,52.86,76.7,3.58,11.09
2026-05-19 14:55:46,NeithaNitro,1,1,85.2,92.7,53.6,53.7,66.98,2.87,8.73
2026-05-19 15:05:46,NeithaNitro,1,1,22.0,59.5,30.6,77.58,72.83,3.5,5.0
2026-05-19 15:15:46,NeithaNitro,1,1,84.7,46.0,45.6,64.74,23.41,4.73,13.93
2026-05-19 15:25:46,NeithaNitro,1,1,32.2,62.4,27.9,75.5,102.38,1.0,19.62
2026-05-19 15:35:46,NeithaNitro,1,1,26.2,41.1,18.0,82.94,37.56,0.16,14.74
2026-05-19 15:45:46,NeithaNitro,1,1,85.9,50.2,81.7,56.44,33.11,3.19,14.69
2026-05-19 15:55:46,NeithaNitro,1,1,82.3,60.4,32.2,65.02,21.5,4.77,9.0
2026-05-19 16:05:46,NeithaNitro,1,1,55.1,54.7,15.7,74.9,65.14,0.42,6.07
2026-05-19 16:15:46,NeithaNitro,1,1,32.0,94.0,83.6,58.08,88.94,3.9,11.35
2026-05-19 16:25:46,NeithaNitro,1,1,91.5,59.8,15.9,66.56,92.72,1.63,16.82
2026-05-19 16:35:46,NeithaNitro,1,1,91.2,67.2,39.3,60.46,22.39,4.14,9.66
2026-05-19 16:45:46,NeithaNitro,1,1,77.5,76.7,82.3,52.7,60.44,3.36,12.39
2026-05-19 16:55:46,NeithaNitro,1,1,58.9,86.9,89.6,52.92,82.4,0.62,14.13
2026-05-19 17:05:46,NeithaNitro,1,1,88.5,42.0,68.7,60.16,33.99,3.53,6.74
2026-05-19 17:15:46,NeithaNitro,1,1,93.2,49.1,10.2,69.5,118.28,1.77,18.66
2026-05-19 17:25:46,NeithaNitro,1,1,94.6,91.7,60.8,50.58,108.29,4.13,8.36
2026-05-19 17:35:46,NeithaNitro,1,1,57.7,70.5,57.0,62.96,80.21,0.18,4.98
2026-05-19 17:45:46,NeithaNitro,1,1,83.4,63.6,15.2,67.56,14.78,4.73,9.78
2026-05-19 17:55:46,NeithaNitro,1,1,58.3,95.6,40.9,61.04,94.8,0.49,13.94
2026-05-19 18:05:46,NeithaNitro,1,1,67.6,92.9,17.7,64.36,87.69,4.19,2.43
2026-05-19 18:15:46,NeithaNitro,1,1,48.0,49.5,82.5,64.0,91.84,2.0,15.55
2026-05-19 18:25:46,NeithaNitro,1,1,89.1,54.0,55.6,60.26,17.76,0.65,15.7
2026-05-19 18:35:46,NeithaNitro,1,1,86.3,52.6,17.1,68.8,46.78,2.38,15.61
2026-05-19 18:45:46,NeithaNitro,1,1,36.1,84.3,55.1,64.9,8.52,3.74,16.52
2026-05-19 18:55:46,NeithaNitro,1,1,78.4,64.9,10.0,69.34,114.75,4.17,17.07
2026-05-19 19:05:46,NeithaNitro,1,1,52.4,89.9,79.1,55.72,59.84,1.82,10.0
2026-05-19 19:15:46,NeithaNitro,1,1,59.9,52.7,83.7,60.74,18.83,4.31,15.26
2026-05-19 19:25:46,NeithaNitro,1,1,66.6,77.8,55.5,60.02,58.34,3.16,16.35
2026-05-19 19:35:46,NeithaNitro,1,1,49.2,72.4,14.7,72.74,95.45,2.75,5.94
2026-05-19 19:45:46,NeithaNitro,1,1,83.8,74.8,39.0,60.48,26.39,4.21,17.92
2026-05-19 19:55:46,NeithaNitro,1,1,84.2,72.0,88.3,51.1,33.12,1.96,3.46
2026-05-19 20:05:46,NeithaNitro,1,1,62.1,93.3,24.1,64.1,41.83,0.8,5.11
2026-05-19 20:15:46,NeithaNitro,1,1,65.9,73.6,79.2,56.26,65.72,3.2,6.32
2026-05-19 20:25:46,NeithaNitro,1,1,49.1,95.1,60.5,59.06,52.78,4.46,8.12
2026-05-19 20:35:46,NeithaNitro,1,1,91.7,43.1,14.5,70.14,61.69,1.74,8.11
2026-05-19 20:45:46,NeithaNitro,1,1,79.2,96.6,75.6,49.72,55.07,1.82,3.34
2026-05-19 20:55:46,NeithaNitro,1,1,57.4,59.9,42.6,68.02,102.18,1.27,17.3
2026-05-19 21:05:46,NeithaNitro,1,1,51.5,73.4,38.9,67.24,94.95,3.16,17.16
2026-05-19 21:15:46,NeithaNitro,1,1,79.9,64.5,17.3,67.66,13.35,1.88,12.38
2026-05-19 21:25:46,NeithaNitro,1,1,83.6,66.4,23.5,65.3,82.18,2.86,19.25
2026-05-19 21:35:46,NeithaNitro,1,1,40.2,55.7,49.2,70.98,25.55,0.94,3.42
2026-05-19 21:45:46,NeithaNitro,1,1,44.7,67.6,30.6,71.42,33.2,3.41,3.42
2026-05-19 21:55:46,NeithaNitro,1,1,91.1,95.5,37.5,55.18,89.34,0.17,3.93
2026-05-19 22:05:46,NeithaNitro,1,1,59.3,72.1,50.9,63.54,116.6,3.29,17.73
2026-05-19 22:15:46,NeithaNitro,1,1,94.1,42.6,65.3,59.6,22.93,3.16,14.77
2026-05-19 22:25:46,NeithaNitro,1,1,65.7,71.8,64.8,59.54,113.48,4.22,13.74
2026-05-19 22:35:46,NeithaNitro,1,1,29.5,64.3,44.0,72.44,64.33,2.85,2.15
2026-05-19 22:45:46,NeithaNitro,1,1,74.3,79.8,25.5,64.08,24.02,2.51,19.22
2026-05-19 22:55:46,NeithaNitro,1,1,43.7,92.1,10.9,70.66,93.48,4.34,19.51
2026-05-19 23:05:46,NeithaNitro,1,1,28.1,75.5,52.8,68.72,41.73,3.92,4.19
2026-05-19 23:15:46,NeithaNitro,1,1,74.1,60.2,84.9,56.16,103.02,4.02,10.34
2026-05-19 23:25:46,NeithaNitro,1,1,78.1,59.9,31.2,66.16,100.94,2.31,5.93
2026-05-19 23:35:46,NeithaNitro,1,1,84.0,92.3,12.8,62.18,71.67,1.17,10.02
2026-05-19 23:45:46,NeithaNitro,1,1,88.1,70.3,83.8,51.56,43.87,0.2,3.58
2026-05-19 23:55:46,NeithaNitro,1,1,78.6,61.3,63.6,59.3,50.11,0.04,12.96
2026-05-20 00:05:46,NeithaNitro,1,1,73.3,44.9,54.2,65.52,63.67,3.49,3.44
2026-05-20 00:15:46,NeithaNitro,1,1,37.3,90.3,87.5,56.98,75.07,3.32,12.55
2026-05-20 00:25:46,NeithaNitro,1,1,57.1,86.7,40.9,63.06,101.34,3.88,11.02
2026-05-20 00:35:46,NeithaNitro,1,1,72.4,73.1,70.4,56.82,15.01,0.62,14.61
2026-05-20 00:45:46,NeithaNitro,1,1,56.3,85.2,86.3,54.44,42.12,2.58,15.41
2026-05-20 00:55:46,NeithaNitro,1,1,73.6,88.3,73.2,52.98,101.25,1.6,4.96
2026-05-20 01:05:46,NeithaNitro,1,1,56.5,87.0,20.6,67.18,15.77,1.01,10.55
2026-05-20 01:15:46,NeithaNitro,1,1,87.9,85.2,82.7,48.84,24.73,3.99,9.27
2026-05-20 01:25:46,NeithaNitro,1,1,85.5,84.5,48.4,56.32,96.86,1.87,11.23
2026-05-20 01:35:46,NeithaNitro,1,1,62.8,78.7,24.0,66.9,54.77,3.03,12.01
2026-05-20 01:45:46,NeithaNitro,1,1,51.7,89.0,22.6,67.34,65.04,4.15,16.43
2026-05-20 01:55:46,NeithaNitro,1,1,64.5,71.0,86.1,55.68,32.98,4.17,15.47
2026-05-20 02:05:46,NeithaNitro,1,1,85.7,80.8,14.7,63.76,54.64,4.75,8.47
2026-05-20 02:15:46,NeithaNitro,1,1,38.3,73.7,49.2,67.76,78.79,2.73,14.8
2026-05-20 02:25:46,NeithaNitro,1,1,39.6,83.2,87.8,57.88,58.48,2.18,13.03
2026-05-20 02:35:46,NeithaNitro,1,1,46.8,81.4,82.0,57.96,101.0,0.45,18.1
2026-05-20 02:45:46,NeithaNitro,1,1,69.8,89.2,89.2,50.36,62.35,2.9,19.38
2026-05-20 02:55:46,NeithaNitro,1,1,30.6,55.8,45.5,73.62,92.38,2.37,10.38
2026-05-20 03:05:46,NeithaNitro,1,1,63.9,54.6,84.3,59.44,98.81,2.0,12.57
2026-05-20 03:15:46,NeithaNitro,1,1,47.7,88.3,54.0,62.0,82.31,4.82,17.96
2026-05-20 03:25:46,NeithaNitro,1,1,81.9,79.8,25.4,62.58,39.76,0.49,18.85
2026-05-20 03:35:46,NeithaNitro,1,1,33.9,47.6,70.2,69.66,70.58,3.87,5.51
2026-05-20 03:45:46,NeithaNitro,1,1,47.6,41.8,54.9,71.14,40.29,3.87,10.02
2026-05-20 03:55:46,NeithaNitro,1,1,27.7,57.2,81.4,66.74,76.61,2.93,17.47
2026-05-20 04:05:46,NeithaNitro,1,1,70.9,93.9,27.1,61.62,43.7,1.67,2.26
2026-05-20 04:15:46,NeithaNitro,1,1,66.1,59.5,54.9,63.9,20.5,4.53,3.98
2026-05-20 04:25:46,NeithaNitro,1,1,53.8,57.2,66.1,64.58,106.17,3.5,3.05
2026-05-20 04:35:46,NeithaNitro,1,1,48.7,76.1,27.1,69.62,53.74,0.09,15.46
2026-05-20 04:45:46,NeithaNitro,1,1,94.1,80.1,79.3,49.3,13.06,1.46,15.25
2026-05-20 04:55:46,NeithaNitro,1,1,67.6,48.7,71.3,62.48,8.01,4.65,8.29
2026-05-20 05:05:46,NeithaNitro,1,1,83.5,88.6,21.2,61.34,33.3,0.06,12.71
2026-05-20 05:15:46,NeithaNitro,1,1,43.9,93.6,14.7,69.56,118.02,4.03,19.12
2026-05-20 05:25:46,NeithaNitro,1,1,84.5,49.0,67.3,59.84,18.03,1.89,14.26
2026-05-20 05:35:46,NeithaNitro,1,1,28.4,85.6,54.5,66.3,6.45,0.27,16.35
2026-05-20 05:45:46,NeithaNitro,1,1,26.4,61.5,76.1,67.2,87.94,1.34,15.52
2026-05-20 05:55:46,NeithaNitro,1,1,47.4,66.1,74.2,62.46,29.9,3.36,14.04
2026-05-20 06:05:46,NeithaNitro,1,1,30.4,87.5,22.1,72.0,26.38,1.64,19.85
2026-05-20 06:15:46,NeithaNitro,1,1,80.8,68.2,57.8,58.64,49.97,1.39,2.58
2026-05-20 06:25:46,NeithaNitro,1,1,38.9,46.3,29.2,77.12,96.48,0.2,16.14
2026-05-20 06:35:46,NeithaNitro,1,1,36.8,87.1,18.6,71.5,65.52,0.26,12.42
2026-05-20 06:45:46,NeithaNitro,1,1,36.1,91.5,66.3,61.22,52.02,0.67,6.28
2026-05-20 06:55:46,NeithaNitro,1,1,75.4,72.9,80.2,54.3,80.09,1.65,12.38
2026-05-20 07:05:46,NeithaNitro,1,1,55.9,74.9,58.2,62.2,43.83,3.84,4.23
2026-05-20 07:15:46,NeithaNitro,1,1,63.2,76.2,89.6,54.2,81.07,3.07,15.76
2026-05-20 07:25:46,NeithaNitro,1,1,32.5,57.7,63.3,69.3,33.74,3.6,14.41
2026-05-20 07:35:46,NeithaNitro,1,1,25.9,82.3,87.3,60.9,98.97,0.78,8.01
2026-05-20 07:45:46,NeithaNitro,1,1,30.8,97.9,29.2,68.42,47.66,0.53,14.56
2026-05-20 07:55:46,NeithaNitro,1,1,86.0,46.0,57.9,62.02,41.94,4.26,4.13
2026-05-20 08:05:46,NeithaNitro,1,1,49.7,74.1,28.0,69.64,112.49,0.58,12.82
2026-05-20 08:15:46,NeithaNitro,1,1,86.0,54.6,28.5,66.18,13.74,3.22,8.42
2026-05-20 08:25:46,NeithaNitro,1,1,25.0,87.9,63.4,64.74,9.06,2.27,18.95
2026-05-20 08:35:46,NeithaNitro,1,1,67.0,75.1,58.8,59.82,47.85,4.95,3.1
2026-05-20 08:45:46,NeithaNitro,1,1,52.0,97.1,49.7,60.24,71.84,1.28,15.99
2026-05-20 08:55:46,NeithaNitro,1,1,73.5,71.9,38.4,63.24,17.08,4.4,15.86
2026-05-20 09:05:46,NeithaNitro,1,1,87.5,72.1,59.1,56.26,112.45,1.94,12.79
2026-05-20 09:15:46,NeithaNitro,1,1,46.9,79.6,77.5,59.2,68.67,4.37,15.7
2026-05-20 09:25:46,NeithaNitro,1,1,39.0,72.5,24.4,72.82,62.82,4.97,2.63
2026-05-20 09:35:46,NeithaNitro,1,1,63.4,44.8,34.0,71.56,77.57,3.52,9.17
2026-05-20 09:45:46,NeithaNitro,1,1,51.1,83.4,15.3,70.04,48.06,2.68,4.85
2026-05-20 09:55:46,NeithaNitro,1,1,85.1,76.8,38.3,59.96,31.66,2.88,13.52
2026-05-20 10:05:46,NeithaNitro,1,1,45.0,66.5,22.0,73.3,97.72,1.09,9.45
2026-05-20 10:15:46,NeithaNitro,1,1,54.4,69.9,11.9,72.76,114.32,4.81,10.66
2026-05-20 10:25:46,NeithaNitro,1,1,26.8,66.7,28.4,75.62,119.47,3.61,8.1
2026-05-20 10:35:46,NeithaNitro,1,1,41.8,72.1,16.0,74.02,33.12,1.42,17.37
2026-05-20 10:45:46,NeithaNitro,1,1,88.8,95.3,13.1,60.56,8.77,0.35,8.82
2026-05-20 10:55:46,NeithaNitro,1,1,29.0,76.2,15.9,75.78,74.31,2.08,10.2
2026-05-20 11:05:46,NeithaNitro,1,1,52.8,82.1,87.3,55.56,107.24,0.6,18.43
2026-05-20 11:15:46,NeithaNitro,1,1,72.5,81.6,73.4,54.5,90.95,1.89,10.56
2026-05-20 11:25:46,NeithaNitro,1,1,39.5,44.9,66.2,69.88,90.95,2.34,18.83
2026-05-20 11:35:46,NeithaNitro,1,1,46.9,90.3,16.5,69.26,55.03,4.32,8.81
2026-05-20 11:45:46,NeithaNitro,1,1,59.3,86.7,45.5,61.7,96.2,3.39,16.11
2026-05-20 11:55:46,NeithaNitro,1,1,78.4,51.5,42.7,65.48,80.03,1.12,4.51
2026-05-20 12:05:46,NeithaNitro,1,1,57.1,53.8,38.0,70.22,115.21,3.91,11.52
2026-05-20 12:15:46,NeithaNitro,1,1,34.4,77.4,11.4,75.36,32.91,0.91,17.1
2026-05-20 12:25:46,NeithaNitro,1,1,43.0,41.0,78.8,67.44,17.99,0.53,2.94
2026-05-20 12:35:46,NeithaNitro,1,1,24.3,92.4,53.0,66.06,42.58,0.92,13.79
2026-05-20 12:45:46,NeithaNitro,1,1,81.8,41.7,64.1,62.48,73.87,0.79,9.91
2026-05-20 12:55:46,NeithaNitro,1,1,93.1,45.1,22.9,67.78,106.26,3.23,17.46
2026-05-20 13:05:46,NeithaNitro,1,1,20.7,58.8,39.7,76.16,85.89,4.99,6.86
2026-05-20 13:15:46,NeithaNitro,1,1,26.4,72.2,33.0,73.68,79.81,1.45,16.72
2026-05-20 13:25:46,NeithaNitro,1,1,64.7,95.6,58.7,56.2,50.08,1.01,15.22
2026-05-20 13:35:46,NeithaNitro,1,1,87.2,46.8,14.4,70.32,25.53,3.52,9.13
2026-05-20 13:45:46,NeithaNitro,1,1,34.1,82.0,11.2,74.54,44.66,1.4,3.86
2026-05-20 13:55:46,NeithaNitro,1,1,88.3,76.5,86.2,49.8,14.08,0.14,18.96
2026-05-20 14:05:46,NeithaNitro,1,1,37.2,50.6,26.9,77.06,45.94,3.23,5.52
2026-05-20 14:15:46,NeithaNitro,1,1,36.8,74.5,55.6,66.62,41.59,3.78,8.62
2026-05-20 14:25:46,NeithaNitro,1,1,67.4,71.3,33.5,65.56,44.87,2.15,5.93
2026-05-20 14:35:46,NeithaNitro,1,1,58.3,74.6,63.1,60.8,99.79,0.58,7.65
2026-05-20 14:45:46,NeithaNitro,1,1,24.6,72.2,77.8,65.08,105.16,3.19,9.55
2026-05-20 14:55:46,NeithaNitro,1,1,33.6,51.8,64.6,70.0,87.3,2.61,8.84
2026-05-20 15:05:46,NeithaNitro,1,1,80.8,46.8,78.8,58.72,76.61,1.75,10.32
2026-05-20 15:15:46,NeithaNitro,1,1,68.8,54.3,45.5,66.28,66.1,0.0,14.69
2026-05-20 15:25:46,NeithaNitro,1,1,21.0,53.5,47.3,75.64,94.83,4.4,2.47
2026-05-20 15:35:46,NeithaNitro,1,1,45.0,43.6,34.9,75.3,104.09,4.64,4.27
2026-05-20 15:45:46,NeithaNitro,1,1,77.0,76.6,32.4,62.8,7.44,2.98,7.84
2026-05-20 15:55:46,NeithaNitro,1,1,81.0,96.9,45.0,55.42,83.1,2.98,3.52
2026-05-20 16:05:46,NeithaNitro,1,1,42.5,52.4,80.7,64.88,18.45,1.35,19.97
2026-05-20 16:15:46,NeithaNitro,1,1,87.4,43.7,16.9,70.4,6.83,0.75,2.85
2026-05-20 16:25:46,NeithaNitro,1,1,55.7,76.6,27.1,68.12,36.81,3.99,11.87
2026-05-20 16:35:46,NeithaNitro,1,1,29.9,90.0,24.1,71.2,27.78,4.9,13.19
2026-05-20 16:45:46,NeithaNitro,1,1,83.0,78.5,83.3,51.04,86.31,0.69,10.8
2026-05-20 16:55:46,NeithaNitro,1,1,89.5,54.1,24.1,66.46,79.06,3.07,6.48
2026-05-20 17:05:46,NeithaNitro,1,1,65.6,72.7,23.6,67.62,118.07,2.23,5.24
2026-05-20 17:15:46,NeithaNitro,1,1,24.6,81.3,68.4,65.14,35.31,3.74,2.92
2026-05-20 17:25:46,NeithaNitro,1,1,55.9,64.0,77.3,60.56,46.55,1.29,11.85
2026-05-20 17:35:46,NeithaNitro,1,1,51.7,94.6,41.0,62.54,114.7,2.95,7.53
2026-05-20 17:45:46,NeithaNitro,1,1,40.4,84.3,26.0,69.86,13.0,0.87,5.69
2026-05-20 17:55:46,NeithaNitro,1,1,59.4,76.4,32.1,66.42,102.05,2.93,3.56
2026-05-20 18:05:46,NeithaNitro,1,1,78.7,76.0,58.4,57.38,69.32,4.4,16.47
2026-05-20 18:15:46,NeithaNitro,1,1,81.6,40.0,55.7,64.54,90.52,4.4,15.66
2026-05-20 18:25:46,NeithaNitro,1,1,89.5,77.4,65.2,53.58,84.89,1.3,13.21
2026-05-20 18:35:46,NeithaNitro,1,1,28.0,64.0,88.9,63.82,112.11,1.36,4.93
2026-05-20 18:45:46,NeithaNitro,1,1,82.4,59.2,21.3,67.42,72.79,4.64,2.8
2026-05-20 18:55:46,NeithaNitro,1,1,52.2,74.5,34.6,67.74,56.26,2.61,14.05
2026-05-20 19:05:46,NeithaNitro,1,1,69.9,40.5,13.0,75.32,70.41,1.14,15.67
2026-05-20 19:15:46,NeithaNitro,1,1,24.6,57.3,70.0,69.62,46.98,2.43,13.84
2026-05-20 19:25:46,NeithaNitro,1,1,59.3,88.6,15.7,67.28,112.19,0.8,19.32
2026-05-20 19:35:46,NeithaNitro,1,1,84.8,85.2,36.9,58.62,44.29,3.06,19.93
2026-05-20 19:45:46,NeithaNitro,1,1,72.0,89.8,20.5,63.54,112.25,3.92,3.16
2026-05-20 19:55:46,NeithaNitro,1,1,81.1,55.7,50.8,62.48,66.51,3.47,12.29
2026-05-20 20:05:46,NeithaNitro,1,1,21.8,74.4,22.9,76.18,81.12,2.27,9.48
2026-05-20 20:15:46,NeithaNitro,1,1,36.6,49.5,70.9,68.6,27.91,2.56,17.72
2026-05-20 20:25:46,NeithaNitro,1,1,82.3,50.4,30.9,67.28,35.39,0.77,11.78
2026-05-20 20:35:46,NeithaNitro,1,1,94.7,56.6,71.9,55.36,28.02,0.4,7.52
2026-05-20 20:45:46,NeithaNitro,1,1,43.8,53.7,57.3,69.04,111.67,1.39,5.71
2026-05-20 20:55:46,NeithaNitro,1,1,56.1,82.5,88.4,54.6,75.19,2.57,8.45
2026-05-20 21:05:46,NeithaNitro,1,1,40.5,84.7,27.1,69.54,39.73,1.21,2.82
2026-05-20 21:15:46,NeithaNitro,1,1,29.7,48.9,32.9,77.7,44.86,0.27,7.59
2026-05-20 21:25:46,NeithaNitro,1,1,88.1,97.4,77.0,47.5,33.83,3.09,9.8
2026-05-20 21:35:46,NeithaNitro,1,1,88.1,67.6,83.8,52.1,45.42,3.37,17.28
2026-05-20 21:45:46,NeithaNitro,1,1,77.5,93.4,29.2,59.98,42.72,1.65,8.22
2026-05-20 21:55:46,NeithaNitro,1,1,63.1,46.7,19.4,74.16,11.97,3.93,17.19
2026-05-20 22:05:46,NeithaNitro,1,1,77.1,56.3,21.3,69.06,91.26,0.91,18.33
2026-05-20 22:15:46,NeithaNitro,1,1,57.4,83.6,50.4,61.72,118.36,3.37,12.53
2026-05-20 22:25:46,NeithaNitro,1,1,60.3,93.7,73.2,54.56,98.66,1.55,10.55
2026-05-20 22:35:46,NeithaNitro,1,1,57.1,90.9,53.5,59.7,103.05,2.7,11.23
2026-05-20 22:45:46,NeithaNitro,1,1,32.1,77.9,10.9,75.82,47.84,2.31,7.06
2026-05-20 22:55:46,NeithaNitro,1,1,21.6,88.1,28.3,72.4,65.4,2.14,19.88
2026-05-20 23:05:46,NeithaNitro,1,1,93.5,69.7,52.7,56.82,52.32,4.71,5.64
2026-05-20 23:15:46,NeithaNitro,1,1,76.7,63.2,41.9,63.64,17.83,1.48,18.09
2026-05-20 23:25:46,NeithaNitro,1,1,26.8,90.2,12.6,74.08,9.58,2.89,13.82
2026-05-20 23:35:46,NeithaNitro,1,1,32.0,55.4,40.6,74.4,93.09,4.79,9.1
2026-05-20 23:45:46,NeithaNitro,1,1,73.6,62.9,74.5,57.8,54.65,0.93,9.32
2026-05-20 23:55:46,NeithaNitro,1,1,25.6,43.8,31.6,79.8,77.96,3.42,15.19
2026-05-21 00:05:46,NeithaNitro,1,1,47.4,91.8,41.7,63.82,5.16,4.56,5.61
2026-05-21 00:15:46,NeithaNitro,1,1,93.0,55.7,63.9,57.48,119.95,4.61,2.42
2026-05-21 00:25:46,NeithaNitro,1,1,24.8,72.6,41.7,72.18,72.21,0.51,15.84
2026-05-21 00:35:46,NeithaNitro,1,1,45.1,56.6,65.2,66.62,45.59,2.46,12.92
2026-05-21 00:45:46,NeithaNitro,1,1,81.8,96.8,35.0,57.28,62.68,1.03,3.14
2026-05-21 00:55:46,NeithaNitro,1,1,63.8,85.7,72.7,55.56,30.43,1.85,19.52
2026-05-21 01:05:46,NeithaNitro,1,1,20.4,69.5,64.3,69.16,63.82,1.8,16.07
2026-05-21 01:15:46,NeithaNitro,1,1,42.4,60.4,88.9,61.66,28.58,0.65,17.68
2026-05-21 01:25:46,NeithaNitro,1,1,35.2,68.4,19.8,75.32,45.07,2.32,16.12
2026-05-21 01:35:46,NeithaNitro,1,1,41.8,73.3,69.9,63.0,102.86,1.07,17.16
2026-05-21 01:45:46,NeithaNitro,1,1,55.7,90.4,65.1,57.76,84.67,3.68,15.95
2026-05-21 01:55:46,NeithaNitro,1,1,67.7,89.0,29.2,62.82,25.79,2.9,18.82
2026-05-21 02:05:46,NeithaNitro,1,1,44.7,62.2,22.9,74.04,49.48,0.12,11.19
2026-05-21 02:15:46,NeithaNitro,1,1,35.2,81.2,89.0,58.92,80.63,1.32,14.74
2026-05-21 02:25:46,NeithaNitro,1,1,21.7,47.9,88.6,68.36,41.71,4.04,3.56
2026-05-21 02:35:46,NeithaNitro,1,1,64.2,95.7,53.8,57.26,50.73,3.52,11.8
2026-05-21 02:45:46,NeithaNitro,1,1,71.9,54.9,61.2,62.4,35.65,1.13,6.16
2026-05-21 02:55:46,NeithaNitro,1,1,72.5,48.3,68.9,62.06,38.63,0.27,7.2
2026-05-21 03:05:46,NeithaNitro,1,1,35.2,94.3,71.1,59.88,115.08,1.02,13.41
2026-05-21 03:15:46,NeithaNitro,1,1,31.2,70.0,64.4,66.88,51.24,4.69,14.81
2026-05-21 03:25:46,NeithaNitro,1,1,68.9,97.5,53.4,56.04,41.04,4.36,15.72
2026-05-21 03:35:46,NeithaNitro,1,1,56.5,73.3,29.8,68.08,82.49,0.83,18.4
2026-05-21 03:45:46,NeithaNitro,1,1,83.4,45.4,32.4,67.76,36.21,4.63,5.42
2026-05-21 03:55:46,NeithaNitro,1,1,88.7,74.8,45.7,58.16,89.19,4.17,2.09
2026-05-21 04:05:46,NeithaNitro,1,1,93.7,90.5,29.8,57.2,105.71,3.5,9.86
2026-05-21 04:15:46,NeithaNitro,1,1,39.9,58.4,71.7,66.0,33.34,3.34,12.41
2026-05-21 04:25:46,NeithaNitro,1,1,24.1,76.7,61.9,67.46,108.3,4.98,17.06
2026-05-21 04:35:46,NeithaNitro,1,1,33.0,57.4,81.7,65.58,97.97,2.47,6.8
2026-05-21 04:45:46,NeithaNitro,1,1,45.1,43.4,36.1,75.08,60.37,2.02,4.3
2026-05-21 04:55:46,NeithaNitro,1,1,57.9,88.1,46.6,61.48,28.19,2.98,18.78
2026-05-21 05:05:46,NeithaNitro,1,1,44.1,95.7,13.7,69.3,5.77,1.27,18.98
2026-05-21 05:15:46,NeithaNitro,1,1,63.5,96.6,63.5,55.28,37.47,2.61,15.55
2026-05-21 05:25:46,NeithaNitro,1,1,63.5,64.1,57.3,63.02,77.29,2.03,18.53
2026-05-21 05:35:46,NeithaNitro,1,1,66.2,78.7,32.9,64.44,20.62,2.67,19.74
2026-05-21 05:45:46,NeithaNitro,1,1,36.8,97.4,61.3,60.9,108.36,2.09,5.06
2026-05-21 05:55:46,NeithaNitro,1,1,52.7,88.0,38.2,64.22,78.92,4.42,9.17
2026-05-21 06:05:46,NeithaNitro,1,1,25.9,91.4,68.2,62.9,52.95,1.45,9.28
2026-05-21 06:15:46,NeithaNitro,1,1,69.9,92.3,52.5,57.06,76.3,3.86,11.59
2026-05-21 06:25:46,NeithaNitro,1,1,53.2,96.6,27.4,64.56,117.69,1.69,17.58
2026-05-21 06:35:46,NeithaNitro,1,1,53.3,54.2,46.6,69.18,90.0,0.48,9.2
2026-05-21 06:45:46,NeithaNitro,1,1,31.1,47.3,65.7,71.18,84.97,4.12,15.13
2026-05-21 06:55:46,NeithaNitro,1,1,84.1,53.5,30.7,66.34,10.78,2.69,16.59
2026-05-21 07:05:46,NeithaNitro,1,1,25.0,49.4,18.6,81.4,99.15,4.68,12.7
2026-05-21 07:15:46,NeithaNitro,1,1,58.5,47.0,72.7,64.36,69.23,0.01,18.01
2026-05-21 07:25:46,NeithaNitro,1,1,78.6,71.0,77.6,54.56,111.98,3.8,5.43
2026-05-21 07:35:46,NeithaNitro,1,1,72.4,73.3,36.3,63.6,25.51,0.58,13.4
2026-05-21 07:45:46,NeithaNitro,1,1,39.9,80.7,39.7,67.94,84.29,0.51,2.01
2026-05-21 07:55:46,NeithaNitro,1,1,59.1,90.3,19.1,66.3,47.9,4.21,3.43
2026-05-21 08:05:46,NeithaNitro,1,1,45.3,75.6,35.1,68.8,11.38,3.19,6.85
2026-05-21 08:15:46,NeithaNitro,1,1,60.2,45.8,38.7,71.06,46.32,2.05,3.57
2026-05-21 08:25:46,NeithaNitro,1,1,28.7,73.8,74.3,64.64,9.62,0.39,3.73
2026-05-21 08:35:46,NeithaNitro,1,1,82.2,48.0,40.6,65.84,80.08,0.37,8.29
2026-05-21 08:45:46,NeithaNitro,1,1,75.2,59.9,38.4,65.3,8.68,1.53,16.79
2026-05-21 08:55:46,NeithaNitro,1,1,22.7,48.7,61.4,73.44,77.25,3.66,8.81
2026-05-21 09:05:46,NeithaNitro,1,1,55.5,46.3,34.9,72.66,119.46,0.1,4.05
2026-05-21 09:15:46,NeithaNitro,1,1,76.9,49.1,75.7,59.66,28.84,4.05,13.34
2026-05-21 09:25:46,NeithaNitro,1,1,69.3,84.8,33.1,62.56,21.02,2.38,3.8
2026-05-21 09:35:46,NeithaNitro,1,1,54.1,57.5,81.2,61.44,73.71,3.42,14.35
2026-05-21 09:45:46,NeithaNitro,1,1,45.2,49.5,83.8,64.3,21.64,2.73,11.15
2026-05-21 09:55:46,NeithaNitro,1,1,39.0,47.7,82.5,66.16,81.7,2.84,8.21
2026-05-21 10:05:46,NeithaNitro,1,1,81.4,91.3,66.1,52.24,27.03,4.17,8.03
2026-05-21 10:15:46,NeithaNitro,1,1,42.4,96.0,43.1,63.7,107.58,4.75,17.67
2026-05-21 10:25:46,NeithaNitro,1,1,31.9,62.6,80.4,65.02,104.9,1.51,18.31
2026-05-21 10:35:46,NeithaNitro,1,1,27.0,45.5,84.1,68.68,7.04,2.85,11.05
2026-05-21 10:45:46,NeithaNitro,1,1,91.9,95.4,80.1,46.52,117.13,3.56,4.45
2026-05-21 10:55:46,NeithaNitro,1,1,77.0,53.7,72.4,59.38,24.86,2.01,3.43
2026-05-21 11:05:46,NeithaNitro,1,1,47.5,64.3,60.0,65.64,113.95,4.83,5.71
2026-05-21 11:15:46,NeithaNitro,1,1,70.4,42.9,31.5,71.04,43.75,3.35,17.18
2026-05-21 11:25:46,NeithaNitro,1,1,59.3,44.7,34.4,72.32,26.82,0.24,16.04
2026-05-21 11:35:46,NeithaNitro,1,1,35.3,51.0,17.9,79.16,73.48,4.11,13.18
2026-05-21 11:45:46,NeithaNitro,1,1,36.2,57.5,59.1,69.44,104.9,2.51,2.21
2026-05-21 11:55:46,NeithaNitro,1,1,28.8,74.5,84.9,62.36,87.59,2.37,3.04
2026-05-21 12:05:46,NeithaNitro,1,1,34.7,83.8,71.4,62.02,76.83,0.25,15.71
2026-05-21 12:15:46,NeithaNitro,1,1,93.4,59.9,36.8,61.98,78.04,4.36,9.04
2026-05-21 12:25:46,NeithaNitro,1,1,82.4,52.2,61.7,60.74,86.85,1.2,7.58
2026-05-21 12:35:46,NeithaNitro,1,1,51.8,84.4,73.9,57.98,112.91,0.76,7.08
2026-05-21 12:45:46,NeithaNitro,1,1,21.2,65.7,39.4,74.74,14.39,4.9,6.69
2026-05-21 12:55:46,NeithaNitro,1,1,44.2,96.3,81.7,55.56,51.35,1.99,14.04
2026-05-21 13:05:46,NeithaNitro,1,1,67.8,76.2,57.6,59.68,54.63,4.42,8.83
2026-05-21 13:15:46,NeithaNitro,1,1,56.2,59.3,72.6,62.38,104.66,1.55,9.19
2026-05-21 13:25:46,NeithaNitro,1,1,65.2,56.1,85.6,58.62,54.15,3.08,17.07
2026-05-21 13:35:46,NeithaNitro,1,1,27.2,50.9,54.7,73.44,65.52,2.17,11.87
2026-05-21 13:45:46,NeithaNitro,1,1,53.1,45.7,35.6,73.12,77.58,2.93,5.64
2026-05-21 13:55:46,NeithaNitro,1,1,79.2,44.3,47.7,65.76,25.12,1.2,11.26
2026-05-21 14:05:46,NeithaNitro,1,1,36.5,52.0,79.2,66.46,35.94,4.46,14.48
2026-05-21 14:15:46,NeithaNitro,1,1,56.4,66.1,87.6,57.98,88.02,3.22,5.36
2026-05-21 14:25:46,NeithaNitro,1,1,35.8,74.4,49.1,68.14,9.54,0.26,6.53
2026-05-21 14:35:46,NeithaNitro,1,1,87.3,52.5,69.7,58.1,65.15,0.17,6.35
2026-05-21 14:45:46,NeithaNitro,1,1,30.5,92.1,55.1,64.46,85.39,1.58,9.21
2026-05-21 14:55:46,NeithaNitro,1,1,62.3,93.7,18.9,65.02,32.18,4.69,14.82
2026-05-21 15:05:46,NeithaNitro,1,1,66.6,57.6,74.5,60.26,119.4,3.67,12.93
2026-05-21 15:15:46,NeithaNitro,1,1,69.0,45.4,89.7,59.18,19.93,4.31,9.76
2026-05-21 15:25:46,NeithaNitro,1,1,63.8,95.6,31.8,61.76,111.44,2.23,17.88
2026-05-21 15:35:46,NeithaNitro,1,1,55.9,94.0,83.2,53.38,52.81,4.03,10.19
2026-05-21 15:45:46,NeithaNitro,1,1,93.2,66.3,37.0,60.7,15.1,1.96,19.06
2026-05-21 15:55:46,NeithaNitro,1,1,84.9,97.9,84.6,46.52,84.25,1.26,11.82
2026-05-21 16:05:46,NeithaNitro,1,1,80.3,84.4,23.8,62.3,81.01,0.56,2.73
2026-05-21 16:15:46,NeithaNitro,1,1,29.3,93.6,54.2,64.58,81.67,1.91,6.95
2026-05-21 16:25:46,NeithaNitro,1,1,80.5,77.6,57.0,56.98,36.7,2.5,6.45
2026-05-21 16:35:46,NeithaNitro,1,1,41.5,42.1,64.8,70.32,94.98,3.85,5.46
2026-05-21 16:45:46,NeithaNitro,1,1,60.4,40.1,44.2,71.06,70.23,4.36,15.24
2026-05-21 16:55:46,NeithaNitro,1,1,87.8,53.0,42.4,63.36,94.98,4.65,3.64
2026-05-21 17:05:46,NeithaNitro,1,1,90.5,48.6,41.2,63.94,95.44,3.72,10.99
2026-05-21 17:15:46,NeithaNitro,1,1,47.6,75.7,12.6,72.82,10.85,3.2,11.91
2026-05-21 17:25:46,NeithaNitro,1,1,71.0,54.1,74.1,60.16,55.37,1.1,8.5
2026-05-21 17:35:46,NeithaNitro,1,1,57.1,73.8,60.4,61.74,26.54,4.57,18.95
2026-05-21 17:45:46,NeithaNitro,1,1,82.8,64.9,45.0,61.46,23.25,1.05,11.68
2026-05-21 17:55:46,NeithaNitro,1,1,84.3,66.9,35.3,62.7,57.79,3.67,15.54
2026-05-21 18:05:46,NeithaNitro,1,1,24.6,81.2,18.7,75.1,112.29,2.96,16.67
2026-05-21 18:15:46,NeithaNitro,1,1,22.1,89.9,81.3,61.34,15.49,3.73,19.87
2026-05-21 18:25:46,NeithaNitro,1,1,66.6,90.5,23.5,63.88,104.7,1.65,14.98
